image,response,pred_label,pred_conf
airplane1-bicycle2,bicycle,bicycle,0.7451171875
airplane1-chair2,chair,chair,0.99853515625
airplane1-clock1,clock,clock,0.923828125
airplane1-elephant1,elephant,elephant,0.455322265625
airplane10-airplane1,airplane,airplane,0.796875
airplane10-bear3,dog,dog,0.34814453125
airplane10-boat3,airplane,airplane,0.5185546875
airplane10-car3,airplane,airplane,0.673828125
airplane10-cat2,dog,dog,0.38720703125
airplane10-dog3,dog,dog,0.52001953125
airplane10-elephant1,elephant,elephant,0.493896484375
airplane10-knife3,knife,knife,0.865234375
airplane10-oven2,truck,truck,0.2110595703125
airplane10-truck1,truck,truck,0.43359375
airplane2-bear1,cat,cat,0.323974609375
airplane2-bicycle1,bicycle,bicycle,0.615234375
airplane2-bird3,bird,bird,0.54443359375
airplane2-bottle1,bottle,bottle,0.8837890625
airplane2-cat1,cat,cat,0.6416015625
airplane2-dog1,dog,dog,0.4248046875
airplane3-airplane2,airplane,airplane,0.55322265625
airplane3-car1,car,car,0.55810546875
airplane3-cat1,cat,cat,0.30322265625
airplane3-chair3,chair,chair,0.99658203125
airplane3-clock1,clock,clock,0.86181640625
airplane3-dog1,dog,dog,0.6123046875
airplane3-elephant1,elephant,elephant,0.4794921875
airplane3-keyboard2,keyboard,keyboard,0.21044921875
airplane3-oven1,bird,bird,0.472900390625
airplane4-airplane1,airplane,airplane,0.77001953125
airplane4-bear3,cat,cat,0.278564453125
airplane4-bicycle2,car,car,0.29150390625
airplane4-bird3,bird,bird,0.6484375
airplane4-boat3,airplane,airplane,0.2744140625
airplane4-bottle1,bottle,bottle,0.541015625
airplane4-car1,car,car,0.448486328125
airplane4-cat3,cat,cat,0.6015625
airplane4-dog2,cat,cat,0.316162109375
airplane4-elephant1,elephant,elephant,0.72314453125
airplane4-keyboard3,knife,knife,0.348876953125
airplane4-knife1,truck,truck,0.564453125
airplane4-truck2,truck,truck,0.509765625
airplane5-bear2,bird,bird,0.79833984375
airplane5-bicycle1,airplane,airplane,0.7119140625
airplane5-bird2,bird,bird,0.53466796875
airplane5-boat3,airplane,airplane,0.5009765625
airplane5-bottle3,bottle,bottle,0.91455078125
airplane5-chair3,chair,chair,0.9990234375
airplane5-dog3,dog,dog,0.84326171875
airplane5-knife1,knife,knife,0.33056640625
airplane5-oven3,oven,oven,0.79931640625
airplane6-bear3,bear,bear,0.587890625
airplane6-bottle2,bottle,bottle,0.67626953125
airplane6-chair3,chair,chair,0.998046875
airplane6-keyboard3,bird,bird,0.6572265625
airplane6-knife1,knife,knife,0.39453125
airplane7-airplane3,airplane,airplane,0.7275390625
airplane7-bird3,bird,bird,0.86767578125
airplane7-boat2,airplane,airplane,0.60595703125
airplane7-bottle3,bottle,bottle,0.78076171875
airplane7-car1,car,car,0.92431640625
airplane7-cat3,bird,bird,0.78466796875
airplane7-clock3,clock,clock,0.97314453125
airplane7-keyboard1,truck,truck,0.263671875
airplane7-truck1,truck,truck,0.21630859375
airplane8-bicycle3,bicycle,bicycle,0.40576171875
airplane8-bird1,bird,bird,0.28369140625
airplane8-chair1,chair,chair,0.947265625
airplane8-clock2,truck,truck,0.21484375
airplane8-elephant3,elephant,elephant,0.9951171875
airplane8-oven2,car,car,0.233642578125
airplane8-truck3,chair,chair,0.82861328125
airplane9-airplane2,airplane,airplane,0.389404296875
airplane9-boat1,boat,boat,0.5908203125
airplane9-car2,car,car,0.875
airplane9-clock1,clock,clock,0.99853515625
airplane9-keyboard2,keyboard,keyboard,0.6044921875
airplane9-knife3,cat,cat,0.1832275390625
airplane9-oven2,truck,truck,0.194091796875
airplane9-truck1,truck,truck,0.283203125
bear1-airplane3,bear,bear,0.9970703125
bear1-bear3,bear,bear,0.9892578125
bear1-bicycle3,bear,bear,0.99853515625
bear1-bird2,bear,bear,0.99755859375
bear1-chair2,chair,chair,0.99365234375
bear1-clock2,bear,bear,0.9931640625
bear1-elephant1,bear,bear,0.97119140625
bear10-bear2,bear,bear,0.9970703125
bear10-bottle1,bear,bear,0.830078125
bear10-car2,car,car,0.90478515625
bear10-cat2,cat,cat,0.5263671875
bear10-chair2,chair,chair,0.9990234375
bear10-clock1,clock,clock,0.9814453125
bear10-elephant1,elephant,elephant,0.98095703125
bear10-keyboard3,car,car,0.2239990234375
bear10-knife2,bear,bear,0.6865234375
bear10-oven1,bear,bear,0.5126953125
bear10-truck1,bear,bear,0.310791015625
bear2-airplane1,bear,bear,0.98779296875
bear2-bird3,bear,bear,0.99951171875
bear2-car2,car,car,0.7333984375
bear2-cat2,bear,bear,0.99365234375
bear2-dog1,bear,bear,0.99853515625
bear2-elephant1,bear,bear,0.8701171875
bear2-keyboard2,keyboard,keyboard,0.9697265625
bear2-knife2,bear,bear,0.99755859375
bear2-oven1,bear,bear,0.9990234375
bear3-airplane1,elephant,elephant,0.8916015625
bear3-bicycle2,bicycle,bicycle,0.250732421875
bear3-bird3,bear,bear,0.67041015625
bear3-car2,car,car,0.779296875
bear3-cat1,cat,cat,0.57373046875
bear3-chair2,chair,chair,0.96533203125
bear3-dog3,cat,cat,0.476318359375
bear3-keyboard2,keyboard,keyboard,0.9677734375
bear3-truck3,bear,bear,0.5380859375
bear4-boat2,bear,bear,0.92919921875
bear4-car3,elephant,elephant,0.423095703125
bear4-cat3,bear,bear,0.99853515625
bear4-clock3,elephant,elephant,0.96240234375
bear4-elephant2,bear,bear,0.69970703125
bear4-keyboard3,keyboard,keyboard,0.1719970703125
bear4-knife1,elephant,elephant,0.4970703125
bear4-oven2,truck,truck,0.25244140625
bear4-truck3,bear,bear,0.8310546875
bear5-airplane3,bear,bear,0.9990234375
bear5-bicycle3,bear,bear,0.998046875
bear5-bird1,bear,bear,0.99853515625
bear5-boat2,bear,bear,0.65576171875
bear5-bottle1,elephant,elephant,0.69482421875
bear5-chair1,chair,chair,0.978515625
bear5-oven3,oven,oven,0.533203125
bear6-bear1,bear,bear,0.70849609375
bear6-bird2,bear,bear,0.978515625
bear6-boat3,elephant,elephant,0.285400390625
bear6-bottle3,bottle,bottle,0.859375
bear6-car2,car,car,0.90771484375
bear6-cat3,bear,bear,0.90966796875
bear6-chair1,chair,chair,0.9755859375
bear6-clock1,clock,clock,0.9921875
bear7-bear2,bear,bear,0.998046875
bear7-bicycle2,dog,dog,0.280029296875
bear7-clock1,clock,clock,0.97802734375
bear7-dog3,bear,bear,0.94189453125
bear7-oven3,oven,oven,0.455322265625
bear7-truck1,bear,bear,0.429443359375
bear8-airplane1,bear,bear,0.9755859375
bear8-bear1,bear,bear,0.99951171875
bear8-bicycle3,bear,bear,0.99853515625
bear8-boat2,bear,bear,0.9814453125
bear8-bottle1,bottle,bottle,0.80078125
bear8-dog1,bear,bear,0.99951171875
bear8-elephant2,bear,bear,0.662109375
bear8-knife3,bear,bear,0.99267578125
bear8-truck3,bear,bear,0.966796875
bear9-boat2,bear,bear,0.9658203125
bear9-bottle2,bottle,bottle,0.93017578125
bear9-dog1,bear,bear,0.96484375
bear9-keyboard3,keyboard,keyboard,0.98779296875
bear9-knife2,bear,bear,0.9892578125
bicycle1-airplane2,bicycle,bicycle,0.98974609375
bicycle1-bear1,bicycle,bicycle,0.98486328125
bicycle1-bicycle3,bicycle,bicycle,0.9970703125
bicycle1-bird1,bicycle,bicycle,0.98828125
bicycle1-boat3,bicycle,bicycle,0.99072265625
bicycle1-bottle3,bicycle,bicycle,0.9970703125
bicycle1-chair1,chair,chair,0.8232421875
bicycle1-clock3,bicycle,bicycle,0.82177734375
bicycle1-dog3,bicycle,bicycle,0.96923828125
bicycle1-elephant2,bicycle,bicycle,0.99658203125
bicycle1-knife3,bicycle,bicycle,0.99267578125
bicycle1-oven1,bicycle,bicycle,0.98974609375
bicycle1-truck1,bicycle,bicycle,0.984375
bicycle10-airplane2,bicycle,bicycle,0.98486328125
bicycle10-boat3,bicycle,bicycle,0.99169921875
bicycle10-clock2,bicycle,bicycle,0.98779296875
bicycle10-dog3,bicycle,bicycle,0.9609375
bicycle10-elephant2,bicycle,bicycle,0.99658203125
bicycle2-bicycle1,bicycle,bicycle,0.99609375
bicycle2-bird3,bicycle,bicycle,0.9873046875
bicycle2-bottle1,bicycle,bicycle,0.91015625
bicycle2-car2,car,car,0.5634765625
bicycle2-dog1,bicycle,bicycle,0.4970703125
bicycle2-keyboard2,keyboard,keyboard,0.85546875
bicycle2-knife2,bicycle,bicycle,0.59130859375
bicycle3-bird1,bicycle,bicycle,0.990234375
bicycle3-elephant2,bicycle,bicycle,0.97119140625
bicycle3-keyboard1,bicycle,bicycle,0.9912109375
bicycle3-oven3,truck,truck,0.365478515625
bicycle3-truck3,truck,truck,0.87451171875
bicycle4-airplane1,bicycle,bicycle,0.97509765625
bicycle4-bicycle3,bicycle,bicycle,0.99169921875
bicycle4-boat1,bicycle,bicycle,0.99462890625
bicycle4-bottle1,bicycle,bicycle,0.939453125
bicycle4-car2,bicycle,bicycle,0.70947265625
bicycle4-cat1,bicycle,bicycle,0.95849609375
bicycle4-chair2,chair,chair,0.9873046875
bicycle4-clock3,bicycle,bicycle,0.94775390625
bicycle4-keyboard3,bicycle,bicycle,0.6494140625
bicycle4-knife3,bicycle,bicycle,0.98193359375
bicycle4-oven3,bicycle,bicycle,0.95849609375
bicycle4-truck3,bicycle,bicycle,0.6328125
bicycle5-bear1,bicycle,bicycle,0.5703125
bicycle5-bottle3,bicycle,bicycle,0.9384765625
bicycle5-car3,bicycle,bicycle,0.8095703125
bicycle5-cat1,bicycle,bicycle,0.9501953125
bicycle5-chair2,chair,chair,0.78857421875
bicycle5-dog2,bicycle,bicycle,0.98681640625
bicycle5-elephant1,bicycle,bicycle,0.9912109375
bicycle5-keyboard3,clock,clock,0.195068359375
bicycle5-oven3,truck,truck,0.423828125
bicycle6-airplane2,bicycle,bicycle,0.55908203125
bicycle6-bicycle3,bicycle,bicycle,0.96826171875
bicycle6-boat2,bicycle,bicycle,0.97607421875
bicycle6-car2,car,car,0.796875
bicycle6-cat1,bicycle,bicycle,0.5634765625
bicycle6-dog2,bicycle,bicycle,0.9794921875
bicycle7-bear2,bicycle,bicycle,0.95458984375
bicycle7-bicycle2,bicycle,bicycle,0.99267578125
bicycle7-cat1,bicycle,bicycle,0.89794921875
bicycle7-clock3,bicycle,bicycle,0.859375
bicycle7-elephant2,bicycle,bicycle,0.99560546875
bicycle7-knife2,bicycle,bicycle,0.99072265625
bicycle7-oven1,bicycle,bicycle,0.98388671875
bicycle7-truck3,bicycle,bicycle,0.96484375
bicycle8-bear2,bicycle,bicycle,0.974609375
bicycle8-bird2,bicycle,bicycle,0.97802734375
bicycle8-boat1,bicycle,bicycle,0.994140625
bicycle8-chair2,chair,chair,0.5712890625
bicycle8-clock3,bicycle,bicycle,0.880859375
bicycle8-truck1,bicycle,bicycle,0.990234375
bicycle9-airplane2,bicycle,bicycle,0.97314453125
bicycle9-bear1,bicycle,bicycle,0.98388671875
bicycle9-bird3,bicycle,bicycle,0.9853515625
bicycle9-bottle1,bicycle,bicycle,0.96142578125
bicycle9-car1,bicycle,bicycle,0.96533203125
bicycle9-cat3,bicycle,bicycle,0.99169921875
bicycle9-chair1,bicycle,bicycle,0.85302734375
bicycle9-keyboard3,car,car,0.48583984375
bicycle9-knife3,bicycle,bicycle,0.83984375
bird1-airplane2,bird,bird,0.99072265625
bird1-bear1,bird,bird,0.61083984375
bird1-bicycle2,bird,bird,0.9921875
bird1-boat1,bird,bird,0.935546875
bird1-chair2,chair,chair,0.9970703125
bird1-clock3,clock,clock,0.8349609375
bird1-elephant2,bird,bird,0.92236328125
bird1-keyboard3,bear,bear,0.1959228515625
bird1-knife3,bird,bird,0.349853515625
bird1-oven1,bird,bird,0.994140625
bird1-truck1,truck,truck,0.202880859375
bird10-bear2,bird,bird,0.86474609375
bird10-bicycle1,bird,bird,0.96923828125
bird10-bird2,bird,bird,0.99072265625
bird10-cat1,bird,bird,0.77197265625
bird10-chair1,chair,chair,0.9267578125
bird10-clock1,clock,clock,0.87353515625
bird10-elephant2,elephant,elephant,0.9736328125
bird2-airplane3,bird,bird,0.47900390625
bird2-bird2,bird,bird,0.96923828125
bird2-car3,car,car,0.87548828125
bird2-clock3,clock,clock,0.95654296875
bird2-dog2,bird,bird,0.9248046875
bird2-knife1,knife,knife,0.3046875
bird3-bear3,bear,bear,0.9560546875
bird3-bird2,bird,bird,0.98193359375
bird3-boat3,bicycle,bicycle,0.205322265625
bird3-bottle2,bottle,bottle,0.9521484375
bird3-cat1,bird,bird,0.9287109375
bird3-dog1,bird,bird,0.57763671875
bird3-knife3,bird,bird,0.53564453125
bird3-oven1,dog,dog,0.2337646484375
bird3-truck3,bird,bird,0.68212890625
bird4-airplane1,bird,bird,0.296630859375
bird4-bicycle2,bicycle,bicycle,0.478759765625
bird4-cat3,bird,bird,0.7744140625
bird4-clock1,clock,clock,0.9794921875
bird4-dog3,dog,dog,0.90625
bird5-airplane3,bird,bird,0.99755859375
bird5-bear3,bird,bird,0.98291015625
bird5-bicycle1,bird,bird,0.99560546875
bird5-bird1,bird,bird,0.99853515625
bird5-car2,bird,bird,0.8876953125
bird5-cat2,bird,bird,0.98876953125
bird5-chair1,chair,chair,0.95458984375
bird5-dog2,bird,bird,0.99560546875
bird5-keyboard2,keyboard,keyboard,0.67041015625
bird5-oven3,truck,truck,0.464599609375
bird5-truck2,car,car,0.54736328125
bird6-airplane2,bird,bird,0.96435546875
bird6-boat2,bird,bird,0.4736328125
bird6-bottle3,bottle,bottle,0.8154296875
bird6-car3,car,car,0.69970703125
bird6-elephant2,elephant,elephant,0.31689453125
bird6-oven1,bird,bird,0.8544921875
bird6-truck2,truck,truck,0.59423828125
bird7-bird2,bird,bird,0.99853515625
bird7-boat1,boat,boat,0.496826171875
bird7-bottle1,bottle,bottle,0.5537109375
bird7-car2,bird,bird,0.509765625
bird7-cat3,bird,bird,0.99267578125
bird7-keyboard3,dog,dog,0.31298828125
bird7-knife2,bird,bird,0.99169921875
bird7-oven3,bird,bird,0.9501953125
bird7-truck2,car,car,0.6796875
bird8-boat3,bird,bird,0.9931640625
bird8-bottle1,bird,bird,0.62841796875
bird8-car2,car,car,0.68017578125
bird8-chair1,chair,chair,0.92529296875
bird8-clock1,clock,clock,0.93798828125
bird8-elephant1,bird,bird,0.994140625
bird8-keyboard2,keyboard,keyboard,0.98681640625
bird8-knife2,bird,bird,0.9677734375
bird9-bear3,bird,bird,0.97314453125
bird9-bicycle3,bird,bird,0.99267578125
bird9-bottle3,bird,bird,0.99609375
bird9-chair1,chair,chair,0.81591796875
bird9-dog2,bird,bird,0.9873046875
bird9-elephant2,bird,bird,0.9912109375
bird9-keyboard1,bird,bird,0.98974609375
boat1-bear1,bear,bear,0.72705078125
boat1-bicycle2,bicycle,bicycle,0.82275390625
boat1-bird3,bird,bird,0.59423828125
boat1-car2,car,car,0.916015625
boat1-chair3,chair,chair,0.9970703125
boat1-elephant3,elephant,elephant,0.99853515625
boat1-keyboard3,knife,knife,0.318359375
boat1-oven1,knife,knife,0.300537109375
boat1-truck3,chair,chair,0.95654296875
boat10-bear3,bear,bear,0.47998046875
boat10-boat3,boat,boat,0.73974609375
boat10-cat1,cat,cat,0.403564453125
boat10-oven1,car,car,0.40771484375
boat10-truck1,boat,boat,0.548828125
boat2-airplane1,truck,truck,0.320068359375
boat2-bear3,bear,bear,0.38037109375
boat2-bird1,boat,boat,0.96142578125
boat2-bottle2,bottle,bottle,0.955078125
boat2-keyboard1,oven,oven,0.1949462890625
boat2-oven3,truck,truck,0.39453125
boat3-airplane2,boat,boat,0.603515625
boat3-bicycle2,bicycle,bicycle,0.38818359375
boat3-car3,car,car,0.5341796875
boat3-cat3,boat,boat,0.309814453125
boat3-chair3,chair,chair,0.99853515625
boat3-clock3,clock,clock,0.998046875
boat3-dog3,cat,cat,0.42431640625
boat3-keyboard2,keyboard,keyboard,0.93798828125
boat4-bicycle3,truck,truck,0.261962890625
boat4-bird1,bird,bird,0.331298828125
boat4-boat3,boat,boat,0.6376953125
boat4-bottle2,bottle,bottle,0.98095703125
boat4-car3,car,car,0.69287109375
boat4-chair2,chair,chair,0.9892578125
boat4-dog2,cat,cat,0.463134765625
boat4-elephant2,elephant,elephant,0.430419921875
boat4-knife2,knife,knife,0.3369140625
boat5-airplane1,truck,truck,0.243896484375
boat5-bicycle3,bicycle,bicycle,0.896484375
boat5-boat3,boat,boat,0.9482421875
boat5-car3,car,car,0.8681640625
boat5-clock3,clock,clock,0.99658203125
boat5-knife2,truck,truck,0.1461181640625
boat6-airplane2,bird,bird,0.428955078125
boat6-bear1,bear,bear,0.77734375
boat6-bicycle2,bicycle,bicycle,0.39013671875
boat6-bottle2,bottle,bottle,0.7998046875
boat6-car1,car,car,0.794921875
boat6-cat1,bird,bird,0.85595703125
boat6-clock2,car,car,0.22900390625
boat6-dog1,dog,dog,0.64404296875
boat6-elephant2,bird,bird,0.273681640625
boat6-knife2,bottle,bottle,0.384765625
boat6-truck3,chair,chair,0.34228515625
boat7-boat2,boat,boat,0.98681640625
boat7-bottle1,bottle,bottle,0.99267578125
boat7-cat3,dog,dog,0.51904296875
boat7-chair1,chair,chair,0.849609375
boat7-clock3,clock,clock,0.98828125
boat7-elephant3,elephant,elephant,0.9873046875
boat7-keyboard3,dog,dog,0.193359375
boat7-oven3,oven,oven,0.432861328125
boat7-truck2,truck,truck,0.449462890625
boat8-bird2,boat,boat,0.94921875
boat8-bottle1,bottle,bottle,0.96044921875
boat8-dog3,cat,cat,0.51953125
boat8-elephant1,elephant,elephant,0.99658203125
boat8-knife1,truck,truck,0.4140625
boat8-oven1,truck,truck,0.219482421875
boat8-truck2,car,car,0.65478515625
boat9-airplane2,boat,boat,0.99462890625
boat9-bear3,bear,bear,0.369873046875
boat9-bird1,boat,boat,0.9931640625
boat9-boat3,boat,boat,0.99462890625
boat9-cat3,boat,boat,0.96142578125
boat9-chair2,chair,chair,0.99462890625
boat9-clock1,boat,boat,0.93408203125
boat9-dog2,boat,boat,0.7890625
boat9-keyboard2,keyboard,keyboard,0.408447265625
boat9-knife2,boat,boat,0.2313232421875
bottle1-bear1,bear,bear,0.47509765625
bottle1-bird3,bottle,bottle,0.85498046875
bottle1-car1,bottle,bottle,0.9189453125
bottle1-cat3,cat,cat,0.453857421875
bottle1-chair2,chair,chair,0.9990234375
bottle1-clock1,bottle,bottle,0.97802734375
bottle1-dog2,bottle,bottle,0.91650390625
bottle1-keyboard3,cat,cat,0.255126953125
bottle10-bear2,bottle,bottle,0.7177734375
bottle10-boat3,bottle,bottle,0.96923828125
bottle10-car1,bottle,bottle,0.775390625
bottle10-clock2,bottle,bottle,0.90380859375
bottle10-dog1,bottle,bottle,0.75927734375
bottle10-truck3,bottle,bottle,0.97900390625
bottle2-bottle3,bottle,bottle,0.9990234375
bottle2-car2,car,car,0.72998046875
bottle2-chair3,bottle,bottle,0.99609375
bottle2-clock1,bottle,bottle,0.93798828125
bottle2-elephant1,elephant,elephant,0.79150390625
bottle2-knife3,bottle,bottle,0.99853515625
bottle3-airplane2,bottle,bottle,0.99365234375
bottle3-bear2,bottle,bottle,0.98193359375
bottle3-bicycle3,bottle,bottle,0.998046875
bottle3-bird1,bottle,bottle,0.9970703125
bottle3-boat3,bottle,bottle,0.99072265625
bottle3-bottle3,bottle,bottle,0.99853515625
bottle3-cat3,bottle,bottle,0.96875
bottle3-chair3,chair,chair,0.98193359375
bottle3-knife3,bottle,bottle,0.9970703125
bottle4-airplane1,bottle,bottle,0.85107421875
bottle4-bicycle1,bottle,bottle,0.982421875
bottle4-car3,bottle,bottle,0.75830078125
bottle4-dog2,bottle,bottle,0.8828125
bottle4-oven2,bottle,bottle,0.97900390625
bottle4-truck1,bottle,bottle,0.98876953125
bottle5-airplane1,bottle,bottle,0.93408203125
bottle5-bird3,bottle,bottle,0.96142578125
bottle5-boat1,bottle,bottle,0.98486328125
bottle5-cat1,bottle,bottle,0.9013671875
bottle5-chair1,chair,chair,0.96435546875
bottle5-clock3,bottle,bottle,0.892578125
bottle5-elephant1,bottle,bottle,0.73974609375
bottle5-keyboard2,keyboard,keyboard,0.9013671875
bottle5-knife1,bottle,bottle,0.8994140625
bottle5-oven2,car,car,0.417236328125
bottle5-truck1,bottle,bottle,0.9853515625
bottle6-airplane1,bottle,bottle,0.96875
bottle6-bear2,bottle,bottle,0.91748046875
bottle6-bicycle3,bottle,bottle,0.9189453125
bottle6-bird1,bottle,bottle,0.98876953125
bottle6-boat3,bottle,bottle,0.99560546875
bottle6-bottle3,bottle,bottle,0.9970703125
bottle6-chair2,chair,chair,0.99658203125
bottle6-dog3,dog,dog,0.892578125
bottle6-knife3,bottle,bottle,0.74755859375
bottle6-oven3,oven,oven,0.364990234375
bottle7-airplane3,truck,truck,0.200927734375
bottle7-bear1,bear,bear,0.5126953125
bottle7-boat3,bottle,bottle,0.943359375
bottle7-cat2,cat,cat,0.4921875
bottle7-clock1,clock,clock,0.96533203125
bottle7-elephant2,elephant,elephant,0.79541015625
bottle7-keyboard2,keyboard,keyboard,0.95654296875
bottle7-oven2,car,car,0.1612548828125
bottle7-truck2,car,car,0.744140625
bottle8-bicycle1,bottle,bottle,0.9306640625
bottle8-bird1,bottle,bottle,0.98095703125
bottle8-bottle3,bottle,bottle,0.99072265625
bottle8-dog2,bear,bear,0.4990234375
bottle8-elephant3,elephant,elephant,0.69482421875
bottle8-keyboard3,bottle,bottle,0.1307373046875
bottle8-knife1,bottle,bottle,0.97119140625
bottle9-bicycle1,bottle,bottle,0.98876953125
bottle9-bottle1,bottle,bottle,0.99609375
bottle9-car3,bottle,bottle,0.7548828125
bottle9-cat2,bottle,bottle,0.63330078125
bottle9-elephant2,bottle,bottle,0.73974609375
bottle9-keyboard1,bottle,bottle,0.9091796875
bottle9-oven2,bottle,bottle,0.93896484375
bottle9-truck1,bottle,bottle,0.9892578125
car1-airplane1,car,car,0.97119140625
car1-car2,car,car,0.97900390625
car1-chair3,chair,chair,0.9912109375
car1-clock2,car,car,0.9736328125
car1-dog2,car,car,0.5869140625
car1-keyboard2,keyboard,keyboard,0.91064453125
car1-oven3,oven,oven,0.300537109375
car10-bicycle2,car,car,0.96728515625
car10-bottle3,car,car,0.98291015625
car10-car1,car,car,0.9765625
car10-chair1,car,car,0.9208984375
car10-dog1,car,car,0.93505859375
car10-elephant2,car,car,0.98193359375
car10-keyboard2,keyboard,keyboard,0.380859375
car2-bird3,car,car,0.947265625
car2-car3,car,car,0.98876953125
car2-cat3,car,car,0.984375
car2-chair1,car,car,0.5703125
car2-knife3,clock,clock,0.2064208984375
car3-airplane3,car,car,0.97802734375
car3-bird2,car,car,0.984375
car3-boat1,car,car,0.95947265625
car3-bottle3,car,car,0.78076171875
car3-dog2,car,car,0.9150390625
car3-elephant3,elephant,elephant,0.86669921875
car3-oven3,car,car,0.7822265625
car3-truck1,car,car,0.9638671875
car4-bear3,bear,bear,0.37255859375
car4-bicycle3,car,car,0.92333984375
car4-bird1,car,car,0.96728515625
car4-boat1,car,car,0.83349609375
car4-bottle1,bottle,bottle,0.775390625
car4-car2,car,car,0.97607421875
car4-cat3,car,car,0.9111328125
car4-clock1,clock,clock,0.5634765625
car4-elephant3,car,car,0.6953125
car4-oven2,car,car,0.666015625
car5-airplane3,car,car,0.97314453125
car5-bear3,car,car,0.74072265625
car5-bottle1,car,car,0.658203125
car5-cat1,car,car,0.95263671875
car5-keyboard3,car,car,0.6826171875
car5-knife2,car,car,0.87451171875
car5-oven2,car,car,0.9130859375
car5-truck3,car,car,0.7412109375
car6-bear1,cat,cat,0.73876953125
car6-bicycle3,car,car,0.982421875
car6-boat1,car,car,0.92529296875
car6-bottle1,bottle,bottle,0.75146484375
car6-chair3,chair,chair,0.99755859375
car6-elephant3,elephant,elephant,0.53857421875
car6-knife1,car,car,0.9140625
car6-truck3,car,car,0.912109375
car7-airplane2,car,car,0.9072265625
car7-bear1,bear,bear,0.81884765625
car7-bird3,car,car,0.98095703125
car7-boat3,car,car,0.90625
car7-car1,car,car,0.8798828125
car7-clock1,car,car,0.7841796875
car7-dog3,cat,cat,0.378662109375
car7-elephant3,elephant,elephant,0.62451171875
car7-keyboard3,car,car,0.7041015625
car7-oven2,car,car,0.8349609375
car8-airplane3,car,car,0.96533203125
car8-bear1,bear,bear,0.79052734375
car8-bicycle2,car,car,0.98046875
car8-boat3,car,car,0.93115234375
car8-cat1,cat,cat,0.38671875
car8-chair1,chair,chair,0.85205078125
car8-clock2,car,car,0.97607421875
car8-dog1,cat,cat,0.30810546875
car8-knife2,car,car,0.76513671875
car8-truck3,car,car,0.6513671875
car9-bicycle2,car,car,0.96337890625
car9-bird1,car,car,0.9833984375
car9-cat1,car,car,0.92431640625
car9-clock2,car,car,0.97900390625
car9-keyboard2,keyboard,keyboard,0.2137451171875
car9-knife1,car,car,0.9697265625
car9-truck3,car,car,0.7216796875
cat1-airplane1,cat,cat,0.97802734375
cat1-bird1,cat,cat,0.9716796875
cat1-boat1,cat,cat,0.67431640625
cat1-car2,cat,cat,0.8310546875
cat1-cat3,cat,cat,0.98095703125
cat1-chair2,chair,chair,0.998046875
cat1-dog1,cat,cat,0.95947265625
cat1-keyboard3,cat,cat,0.58203125
cat1-oven1,cat,cat,0.97900390625
cat10-airplane3,bird,bird,0.2529296875
cat10-bear1,bear,bear,0.5341796875
cat10-bicycle1,bird,bird,0.1846923828125
cat10-bird2,cat,cat,0.95947265625
cat10-bottle1,bottle,bottle,0.89111328125
cat10-clock1,clock,clock,0.99609375
cat10-elephant3,cat,cat,0.8291015625
cat10-keyboard1,car,car,0.2032470703125
cat10-oven2,oven,oven,0.2529296875
cat2-boat2,cat,cat,0.91259765625
cat2-bottle3,cat,cat,0.57666015625
cat2-car3,dog,dog,0.3193359375
cat2-cat1,cat,cat,0.9296875
cat2-elephant1,cat,cat,0.849609375
cat2-knife3,bear,bear,0.55322265625
cat2-truck3,cat,cat,0.82568359375
cat3-bear2,cat,cat,0.96923828125
cat3-bicycle1,cat,cat,0.97216796875
cat3-cat1,cat,cat,0.9736328125
cat3-elephant2,cat,cat,0.87109375
cat3-oven2,cat,cat,0.96435546875
cat3-truck3,truck,truck,0.69775390625
cat4-airplane1,bear,bear,0.22900390625
cat4-bird2,cat,cat,0.974609375
cat4-car2,boat,boat,0.26318359375
cat4-cat3,cat,cat,0.9736328125
cat4-chair2,chair,chair,0.99853515625
cat4-clock2,clock,clock,0.65966796875
cat4-dog3,dog,dog,0.91943359375
cat4-keyboard2,keyboard,keyboard,0.7890625
cat4-knife1,elephant,elephant,0.2998046875
cat4-oven1,cat,cat,0.96044921875
cat4-truck3,truck,truck,0.3125
cat5-airplane2,bird,bird,0.4619140625
cat5-bear2,cat,cat,0.97265625
cat5-bicycle3,cat,cat,0.962890625
cat5-boat1,cat,cat,0.5947265625
cat5-bottle1,cat,cat,0.56640625
cat5-car2,car,car,0.66845703125
cat5-chair3,chair,chair,0.99365234375
cat5-dog3,cat,cat,0.92138671875
cat5-elephant2,cat,cat,0.943359375
cat5-keyboard3,cat,cat,0.9052734375
cat5-knife2,cat,cat,0.95361328125
cat6-bear1,cat,cat,0.958984375
cat6-chair3,chair,chair,0.99755859375
cat6-clock3,clock,clock,0.5625
cat6-keyboard3,cat,cat,0.884765625
cat6-oven1,cat,cat,0.98583984375
cat7-airplane2,cat,cat,0.9013671875
cat7-boat3,elephant,elephant,0.322998046875
cat7-bottle1,cat,cat,0.48193359375
cat7-clock3,clock,clock,0.94482421875
cat7-dog3,cat,cat,0.9599609375
cat7-elephant1,cat,cat,0.87255859375
cat7-knife2,cat,cat,0.72607421875
cat7-truck2,truck,truck,0.95166015625
cat8-bear1,cat,cat,0.71630859375
cat8-bicycle3,cat,cat,0.9716796875
cat8-bird2,cat,cat,0.9111328125
cat8-car2,car,car,0.86279296875
cat9-bicycle1,car,car,0.298583984375
cat9-bird3,cat,cat,0.96337890625
cat9-boat2,truck,truck,0.82958984375
cat9-bottle2,bottle,bottle,0.96728515625
cat9-cat3,cat,cat,0.94580078125
cat9-chair2,chair,chair,0.99853515625
cat9-clock2,cat,cat,0.58544921875
cat9-dog2,cat,cat,0.9267578125
cat9-knife2,cat,cat,0.556640625
cat9-truck1,cat,cat,0.67138671875
chair1-airplane2,chair,chair,0.99658203125
chair1-bear1,cat,cat,0.315673828125
chair1-cat3,dog,dog,0.453125
chair1-chair1,chair,chair,0.97412109375
chair1-clock2,clock,clock,0.33642578125
chair1-dog1,dog,dog,0.5048828125
chair1-elephant1,elephant,elephant,0.87353515625
chair1-oven3,oven,oven,0.481201171875
chair1-truck3,chair,chair,0.427490234375
chair10-airplane2,chair,chair,0.99951171875
chair10-bicycle1,chair,chair,0.99853515625
chair10-bird3,chair,chair,0.99609375
chair10-bottle3,chair,chair,0.9970703125
chair10-car2,car,car,0.398681640625
chair10-cat1,chair,chair,0.95849609375
chair10-clock1,chair,chair,0.9208984375
chair10-dog1,chair,chair,0.92724609375
chair10-oven1,chair,chair,0.99853515625
chair2-bear2,chair,chair,0.97412109375
chair2-boat1,chair,chair,0.99853515625
chair2-keyboard2,keyboard,keyboard,0.61572265625
chair2-knife1,chair,chair,0.984375
chair3-airplane2,chair,chair,0.99951171875
chair3-bicycle3,chair,chair,0.9794921875
chair3-bottle3,chair,chair,0.9052734375
chair3-car3,car,car,0.876953125
chair3-dog2,chair,chair,0.9951171875
chair3-knife1,chair,chair,0.32958984375
chair4-bear2,chair,chair,0.9482421875
chair4-cat2,chair,chair,0.5498046875
chair4-chair3,chair,chair,0.9990234375
chair4-keyboard2,keyboard,keyboard,0.8310546875
chair4-oven2,chair,chair,0.99560546875
chair4-truck2,chair,chair,0.984375
chair5-bicycle1,chair,chair,0.9990234375
chair5-bird1,chair,chair,0.99853515625
chair5-boat3,chair,chair,0.99853515625
chair5-bottle3,chair,chair,0.96728515625
chair5-car1,car,car,0.91748046875
chair5-cat3,chair,chair,0.9853515625
chair5-clock2,chair,chair,0.896484375
chair5-keyboard2,keyboard,keyboard,0.5146484375
chair5-knife3,knife,knife,0.49365234375
chair5-oven2,chair,chair,0.99267578125
chair5-truck3,chair,chair,0.95654296875
chair6-bird2,chair,chair,0.97802734375
chair6-dog1,chair,chair,0.93359375
chair6-elephant2,elephant,elephant,0.69287109375
chair6-truck2,chair,chair,0.85498046875
chair7-airplane1,chair,chair,0.50341796875
chair7-bird1,chair,chair,0.9970703125
chair7-boat3,chair,chair,1.0
chair7-bottle1,chair,chair,0.94921875
chair7-car2,chair,chair,0.9248046875
chair7-cat1,chair,chair,0.97412109375
chair7-chair1,chair,chair,0.98095703125
chair7-clock3,chair,chair,0.9169921875
chair7-elephant1,chair,chair,0.98828125
chair7-knife2,chair,chair,0.289306640625
chair7-truck3,chair,chair,0.99560546875
chair8-airplane1,chair,chair,0.9951171875
chair8-bear1,chair,chair,0.90869140625
chair8-bicycle3,chair,chair,0.9990234375
chair8-boat1,chair,chair,0.9990234375
chair8-car1,car,car,0.857421875
chair8-chair3,chair,chair,0.9716796875
chair8-clock3,chair,chair,0.92431640625
chair8-elephant1,chair,chair,0.9580078125
chair8-keyboard3,dog,dog,0.38427734375
chair8-knife2,knife,knife,0.72802734375
chair8-oven1,chair,chair,0.99853515625
chair9-bear1,dog,dog,0.3447265625
chair9-bicycle3,chair,chair,0.9990234375
chair9-bird3,chair,chair,0.98681640625
chair9-boat2,chair,chair,0.99951171875
chair9-bottle3,chair,chair,0.6923828125
chair9-chair3,chair,chair,0.99951171875
chair9-dog2,chair,chair,0.994140625
chair9-elephant1,chair,chair,0.57373046875
chair9-keyboard2,keyboard,keyboard,0.97607421875
clock1-bear1,cat,cat,0.333740234375
clock1-boat3,clock,clock,0.344482421875
clock1-car1,car,car,0.798828125
clock1-clock2,clock,clock,0.99609375
clock1-dog2,clock,clock,0.7666015625
clock1-elephant2,bear,bear,0.1943359375
clock1-truck3,chair,chair,0.419677734375
clock10-airplane1,clock,clock,0.9892578125
clock10-bird3,clock,clock,0.9521484375
clock10-boat2,clock,clock,0.94921875
clock10-bottle1,bottle,bottle,0.92626953125
clock10-cat1,bear,bear,0.509765625
clock10-clock3,clock,clock,0.99755859375
clock10-dog3,bear,bear,0.5478515625
clock10-knife3,bear,bear,0.174072265625
clock10-oven2,oven,oven,0.3994140625
clock10-truck2,truck,truck,0.43115234375
clock2-bear2,clock,clock,0.9873046875
clock2-bicycle1,clock,clock,0.9951171875
clock2-bottle3,clock,clock,0.9931640625
clock2-clock3,clock,clock,0.99658203125
clock2-dog1,clock,clock,0.9970703125
clock2-elephant2,clock,clock,0.99658203125
clock2-knife1,clock,clock,0.99267578125
clock3-bear3,clock,clock,0.94287109375
clock3-bicycle2,clock,clock,0.9951171875
clock3-bird1,clock,clock,0.9951171875
clock3-car2,car,car,0.7060546875
clock3-cat1,clock,clock,0.97412109375
clock3-dog2,clock,clock,0.97412109375
clock3-elephant3,clock,clock,0.99365234375
clock3-keyboard3,clock,clock,0.95947265625
clock4-airplane1,clock,clock,0.994140625
clock4-bird3,clock,clock,0.99462890625
clock4-boat3,clock,clock,0.458740234375
clock4-bottle3,clock,clock,0.88623046875
clock4-car2,car,car,0.74462890625
clock4-chair1,chair,chair,0.77490234375
clock4-elephant2,clock,clock,0.982421875
clock4-knife1,clock,clock,0.9970703125
clock4-oven1,clock,clock,0.98779296875
clock5-airplane1,clock,clock,0.998046875
clock5-bicycle1,clock,clock,0.99560546875
clock5-chair3,chair,chair,0.57470703125
clock5-clock2,clock,clock,0.99755859375
clock5-elephant2,clock,clock,0.99658203125
clock5-keyboard1,clock,clock,0.92041015625
clock5-oven1,clock,clock,0.98486328125
clock6-bicycle1,clock,clock,0.9892578125
clock6-bird3,clock,clock,0.99462890625
clock6-bottle1,bottle,bottle,0.66796875
clock6-car2,clock,clock,0.564453125
clock6-chair3,chair,chair,0.99755859375
clock6-clock2,clock,clock,0.998046875
clock6-knife2,clock,clock,0.5625
clock6-oven1,oven,oven,0.389892578125
clock6-truck3,chair,chair,0.4814453125
clock7-bear2,clock,clock,0.99365234375
clock7-bicycle1,clock,clock,0.98779296875
clock7-boat3,clock,clock,0.98974609375
clock7-bottle2,clock,clock,0.69091796875
clock7-car1,clock,clock,0.81640625
clock7-cat2,clock,clock,0.99169921875
clock7-dog2,clock,clock,0.970703125
clock7-keyboard2,clock,clock,0.9853515625
clock7-truck3,clock,clock,0.81787109375
clock8-airplane2,clock,clock,0.9873046875
clock8-bear2,clock,clock,0.736328125
clock8-boat1,clock,clock,0.99755859375
clock8-cat1,clock,clock,0.9150390625
clock8-chair2,clock,clock,0.98291015625
clock8-keyboard1,clock,clock,0.99658203125
clock8-knife1,clock,clock,0.99365234375
clock8-oven3,clock,clock,0.75634765625
clock8-truck2,clock,clock,0.9365234375
clock9-airplane1,clock,clock,0.99365234375
clock9-bird2,clock,clock,0.9990234375
clock9-cat1,clock,clock,0.65185546875
clock9-chair3,chair,chair,0.99658203125
clock9-keyboard2,clock,clock,0.53759765625
dog1-airplane3,dog,dog,0.45166015625
dog1-bear1,dog,dog,0.95654296875
dog1-bird1,dog,dog,0.962890625
dog1-boat3,truck,truck,0.2481689453125
dog1-car2,car,car,0.52685546875
dog1-cat3,dog,dog,0.96728515625
dog1-chair1,chair,chair,0.904296875
dog1-dog2,dog,dog,0.97412109375
dog1-knife3,dog,dog,0.88427734375
dog10-airplane1,dog,dog,0.8876953125
dog10-bicycle1,dog,dog,0.7578125
dog10-bottle1,bear,bear,0.471923828125
dog10-car3,car,car,0.436279296875
dog10-clock1,clock,clock,0.465576171875
dog10-dog1,dog,dog,0.6533203125
dog10-elephant1,dog,dog,0.91455078125
dog10-keyboard2,keyboard,keyboard,0.67529296875
dog10-oven2,dog,dog,0.71142578125
dog10-truck2,truck,truck,0.487060546875
dog2-airplane2,dog,dog,0.6630859375
dog2-bicycle2,dog,dog,0.37451171875
dog2-bottle2,bottle,bottle,0.81396484375
dog2-cat1,dog,dog,0.982421875
dog2-dog3,dog,dog,0.98486328125
dog2-knife3,dog,dog,0.681640625
dog3-bear3,dog,dog,0.552734375
dog3-bird2,dog,dog,0.91455078125
dog3-boat1,boat,boat,0.25732421875
dog3-clock1,bear,bear,0.61474609375
dog3-dog1,dog,dog,0.92333984375
dog3-elephant2,dog,dog,0.326416015625
dog3-keyboard1,dog,dog,0.9638671875
dog3-knife3,dog,dog,0.79736328125
dog3-truck2,truck,truck,0.34521484375
dog4-airplane3,dog,dog,0.46044921875
dog4-bicycle1,elephant,elephant,0.2191162109375
dog4-bird1,dog,dog,0.9296875
dog4-bottle2,bottle,bottle,0.92333984375
dog4-cat3,dog,dog,0.83154296875
dog4-chair1,chair,chair,0.974609375
dog4-clock1,clock,clock,0.27978515625
dog4-elephant2,dog,dog,0.53125
dog4-keyboard2,clock,clock,0.148193359375
dog4-oven1,dog,dog,0.399169921875
dog4-truck2,truck,truck,0.325927734375
dog5-bear3,dog,dog,0.95556640625
dog5-boat3,boat,boat,0.192626953125
dog5-car3,car,car,0.78271484375
dog5-elephant1,dog,dog,0.89111328125
dog5-knife2,bear,bear,0.339599609375
dog5-oven1,dog,dog,0.284423828125
dog5-truck2,truck,truck,0.411376953125
dog6-bicycle1,car,car,0.281982421875
dog6-bird1,dog,dog,0.919921875
dog6-cat1,dog,dog,0.9658203125
dog6-clock1,clock,clock,0.5166015625
dog6-elephant2,dog,dog,0.5732421875
dog6-truck2,car,car,0.485107421875
dog7-bird3,dog,dog,0.8955078125
dog7-car2,car,car,0.9140625
dog7-chair2,chair,chair,0.99853515625
dog7-keyboard3,keyboard,keyboard,0.380126953125
dog7-knife3,dog,dog,0.90576171875
dog7-oven2,dog,dog,0.1619873046875
dog8-bear3,dog,dog,0.93603515625
dog8-boat3,elephant,elephant,0.95361328125
dog8-bottle2,dog,dog,0.78466796875
dog8-chair3,elephant,elephant,0.9208984375
dog8-clock2,dog,dog,0.9150390625
dog8-dog3,dog,dog,0.9853515625
dog8-keyboard3,car,car,0.31787109375
dog8-oven3,elephant,elephant,0.72265625
dog9-airplane3,dog,dog,0.82373046875
dog9-bear3,dog,dog,0.6259765625
dog9-bicycle3,dog,dog,0.8310546875
dog9-boat1,dog,dog,0.7470703125
dog9-bottle1,dog,dog,0.87744140625
dog9-car1,car,car,0.77587890625
dog9-cat1,dog,dog,0.94287109375
dog9-chair2,chair,chair,0.99609375
elephant1-airplane2,elephant,elephant,0.998046875
elephant1-bear2,elephant,elephant,0.99609375
elephant1-boat2,elephant,elephant,0.99853515625
elephant1-bottle1,elephant,elephant,0.98828125
elephant1-car3,truck,truck,0.61767578125
elephant1-chair1,chair,chair,0.9931640625
elephant1-dog2,elephant,elephant,0.994140625
elephant1-keyboard3,bear,bear,0.420166015625
elephant1-oven2,elephant,elephant,0.994140625
elephant10-bear1,bear,bear,0.98681640625
elephant10-elephant1,elephant,elephant,0.99951171875
elephant10-keyboard1,elephant,elephant,0.2216796875
elephant10-knife3,elephant,elephant,0.19970703125
elephant2-airplane3,elephant,elephant,0.5322265625
elephant2-bear3,bear,bear,0.91357421875
elephant2-bird1,bear,bear,0.47216796875
elephant2-boat1,bird,bird,0.439697265625
elephant2-bottle3,elephant,elephant,0.77880859375
elephant2-cat1,dog,dog,0.650390625
elephant2-clock1,clock,clock,0.6181640625
elephant2-elephant3,elephant,elephant,0.998046875
elephant2-keyboard3,oven,oven,0.1529541015625
elephant2-truck2,truck,truck,0.3857421875
elephant3-cat2,elephant,elephant,0.87939453125
elephant3-chair1,chair,chair,0.99609375
elephant3-keyboard2,keyboard,keyboard,0.9521484375
elephant3-knife1,elephant,elephant,0.9921875
elephant3-oven1,elephant,elephant,0.6064453125
elephant3-truck1,elephant,elephant,0.99658203125
elephant4-bicycle2,elephant,elephant,0.344482421875
elephant4-bird1,elephant,elephant,0.97509765625
elephant4-boat3,elephant,elephant,0.9990234375
elephant4-car3,elephant,elephant,0.9794921875
elephant4-chair3,chair,chair,0.9970703125
elephant4-clock3,elephant,elephant,0.9833984375
elephant4-oven1,elephant,elephant,0.99267578125
elephant5-bear2,elephant,elephant,0.99267578125
elephant5-bicycle3,elephant,elephant,0.99365234375
elephant5-bottle2,bottle,bottle,0.259765625
elephant5-car1,car,car,0.85400390625
elephant5-chair3,chair,chair,0.99462890625
elephant5-elephant1,elephant,elephant,0.99658203125
elephant5-truck1,elephant,elephant,0.99853515625
elephant6-bicycle1,elephant,elephant,0.99462890625
elephant6-bird1,elephant,elephant,0.9892578125
elephant6-bottle2,bottle,bottle,0.327392578125
elephant6-car3,car,car,0.845703125
elephant6-cat2,bear,bear,0.7265625
elephant6-dog2,elephant,elephant,0.98046875
elephant6-knife2,bear,bear,0.90625
elephant6-oven1,elephant,elephant,0.99365234375
elephant6-truck3,elephant,elephant,0.2188720703125
elephant7-airplane3,elephant,elephant,0.990234375
elephant7-bear3,elephant,elephant,0.53369140625
elephant7-bird1,elephant,elephant,0.98193359375
elephant7-bottle3,elephant,elephant,0.99609375
elephant7-car3,car,car,0.73828125
elephant7-cat1,elephant,elephant,0.98388671875
elephant7-clock2,bear,bear,0.75830078125
elephant7-dog1,elephant,elephant,0.9599609375
elephant7-keyboard3,elephant,elephant,0.96923828125
elephant7-knife2,elephant,elephant,0.9228515625
elephant8-airplane3,truck,truck,0.295166015625
elephant8-bicycle3,elephant,elephant,0.5771484375
elephant8-bird2,elephant,elephant,0.9990234375
elephant8-boat2,elephant,elephant,0.9345703125
elephant8-cat1,bear,bear,0.7646484375
elephant8-clock2,elephant,elephant,0.94677734375
elephant8-dog1,elephant,elephant,0.96533203125
elephant8-elephant1,elephant,elephant,0.99951171875
elephant8-knife2,bear,bear,0.2120361328125
elephant8-oven3,elephant,elephant,0.65185546875
elephant8-truck3,chair,chair,0.517578125
elephant9-airplane2,elephant,elephant,0.99609375
elephant9-bicycle2,bicycle,bicycle,0.88037109375
elephant9-boat3,elephant,elephant,0.99951171875
elephant9-chair2,chair,chair,0.99560546875
elephant9-clock3,elephant,elephant,0.97705078125
elephant9-dog3,dog,dog,0.8955078125
elephant9-elephant3,elephant,elephant,0.9970703125
keyboard1-airplane2,boat,boat,0.2998046875
keyboard1-bear2,bear,bear,0.83642578125
keyboard1-bird2,keyboard,keyboard,0.67822265625
keyboard1-car3,car,car,0.5576171875
keyboard1-chair2,chair,chair,0.98974609375
keyboard1-clock1,clock,clock,0.98486328125
keyboard1-dog3,dog,dog,0.80078125
keyboard1-elephant3,elephant,elephant,0.9580078125
keyboard10-airplane3,boat,boat,0.396240234375
keyboard10-boat2,boat,boat,0.66064453125
keyboard10-car1,car,car,0.93603515625
keyboard10-keyboard1,oven,oven,0.2333984375
keyboard10-oven3,oven,oven,0.3935546875
keyboard10-truck1,truck,truck,0.4375
keyboard2-bicycle3,bicycle,bicycle,0.544921875
keyboard2-bottle1,bottle,bottle,0.896484375
keyboard2-clock1,clock,clock,0.99560546875
keyboard2-elephant1,elephant,elephant,0.82373046875
keyboard2-knife1,truck,truck,0.482666015625
keyboard3-bicycle2,bicycle,bicycle,0.447265625
keyboard3-bird3,truck,truck,0.315185546875
keyboard3-boat1,boat,boat,0.95166015625
keyboard3-car2,car,car,0.853515625
keyboard3-cat1,cat,cat,0.75146484375
keyboard3-clock3,clock,clock,0.99609375
keyboard3-elephant2,elephant,elephant,0.1971435546875
keyboard4-bird1,bird,bird,0.1651611328125
keyboard4-bottle2,bottle,bottle,0.9873046875
keyboard4-cat2,cat,cat,0.42529296875
keyboard4-clock2,clock,clock,0.595703125
keyboard4-keyboard2,keyboard,keyboard,0.97412109375
keyboard4-knife2,bottle,bottle,0.1680908203125
keyboard4-oven2,keyboard,keyboard,0.267822265625
keyboard4-truck3,truck,truck,0.8291015625
keyboard5-airplane3,keyboard,keyboard,0.8642578125
keyboard5-bear3,dog,dog,0.3720703125
keyboard5-bicycle1,bicycle,bicycle,0.423583984375
keyboard5-bird3,oven,oven,0.63427734375
keyboard5-bottle1,bottle,bottle,0.81982421875
keyboard5-cat1,cat,cat,0.85693359375
keyboard5-dog3,dog,dog,0.8427734375
keyboard5-keyboard1,keyboard,keyboard,0.481689453125
keyboard5-knife2,knife,knife,0.57275390625
keyboard5-oven2,bird,bird,0.297119140625
keyboard6-bear2,keyboard,keyboard,0.6171875
keyboard6-bicycle1,keyboard,keyboard,0.98974609375
keyboard6-boat2,truck,truck,0.578125
keyboard6-bottle2,bottle,bottle,0.98486328125
keyboard6-car2,car,car,0.85205078125
keyboard6-chair1,chair,chair,0.916015625
keyboard6-dog2,keyboard,keyboard,0.7470703125
keyboard6-elephant1,elephant,elephant,0.6123046875
keyboard6-knife2,knife,knife,0.43798828125
keyboard7-bear2,bear,bear,0.406494140625
keyboard7-boat2,truck,truck,0.400390625
keyboard7-bottle1,bottle,bottle,0.8681640625
keyboard7-car3,car,car,0.78955078125
keyboard7-chair3,chair,chair,0.99609375
keyboard7-clock3,clock,clock,0.99462890625
keyboard7-dog1,cat,cat,0.59228515625
keyboard7-knife1,knife,knife,0.6953125
keyboard7-oven2,bird,bird,0.465087890625
keyboard7-truck2,truck,truck,0.525390625
keyboard8-airplane2,boat,boat,0.277099609375
keyboard8-cat3,keyboard,keyboard,0.56787109375
keyboard8-chair2,chair,chair,0.99853515625
keyboard8-dog3,keyboard,keyboard,0.87548828125
keyboard8-keyboard2,keyboard,keyboard,0.998046875
keyboard8-oven1,keyboard,keyboard,0.986328125
keyboard8-truck3,dog,dog,0.212158203125
keyboard9-airplane3,boat,boat,0.2109375
keyboard9-bear2,bear,bear,0.337646484375
keyboard9-bicycle2,car,car,0.51513671875
keyboard9-bird1,keyboard,keyboard,0.72998046875
keyboard9-boat2,boat,boat,0.83642578125
keyboard9-cat1,cat,cat,0.9677734375
keyboard9-chair2,chair,chair,0.99267578125
keyboard9-elephant2,elephant,elephant,0.378173828125
keyboard9-keyboard2,keyboard,keyboard,0.99365234375
keyboard9-truck3,truck,truck,0.48486328125
knife1-airplane1,car,car,0.2103271484375
knife1-bird2,knife,knife,0.75537109375
knife1-car3,car,car,0.9013671875
knife1-chair1,chair,chair,0.7998046875
knife1-clock2,truck,truck,0.235107421875
knife1-dog1,dog,dog,0.461669921875
knife1-elephant1,elephant,elephant,0.63916015625
knife1-keyboard3,car,car,0.224609375
knife1-oven1,oven,oven,0.214599609375
knife1-truck2,truck,truck,0.32275390625
knife10-bear3,bear,bear,0.515625
knife10-chair1,chair,chair,0.91552734375
knife10-dog1,dog,dog,0.5751953125
knife10-elephant3,elephant,elephant,0.99462890625
knife10-keyboard3,knife,knife,0.206787109375
knife10-knife1,knife,knife,0.285888671875
knife10-oven3,oven,oven,0.5107421875
knife2-bear2,bird,bird,0.4482421875
knife2-bicycle3,bird,bird,0.2578125
knife2-bird1,knife,knife,0.97216796875
knife2-bottle2,bottle,bottle,0.931640625
knife2-car3,car,car,0.81298828125
knife2-cat3,dog,dog,0.494384765625
knife2-dog1,dog,dog,0.54150390625
knife2-elephant2,elephant,elephant,0.8505859375
knife2-truck2,car,car,0.8134765625
knife3-bear2,bear,bear,0.671875
knife3-cat1,cat,cat,0.880859375
knife3-clock2,clock,clock,0.70556640625
knife3-keyboard3,dog,dog,0.34130859375
knife3-knife1,truck,truck,0.322265625
knife4-airplane3,truck,truck,0.40283203125
knife4-bear1,bear,bear,0.6083984375
knife4-boat1,boat,boat,0.6826171875
knife4-car2,truck,truck,0.392333984375
knife4-cat2,dog,dog,0.5166015625
knife4-clock3,clock,clock,0.990234375
knife4-keyboard1,oven,oven,0.1971435546875
knife4-knife2,bird,bird,0.228271484375
knife4-oven2,keyboard,keyboard,0.53125
knife5-bicycle2,car,car,0.390869140625
knife5-cat2,dog,dog,0.2001953125
knife5-clock1,clock,clock,0.99462890625
knife5-dog1,dog,dog,0.4892578125
knife5-keyboard3,knife,knife,0.390625
knife5-knife3,bottle,bottle,0.3701171875
knife5-oven2,car,car,0.234619140625
knife5-truck3,truck,truck,0.4775390625
knife6-airplane1,truck,truck,0.261962890625
knife6-bicycle1,truck,truck,0.233154296875
knife6-bird1,knife,knife,0.7783203125
knife6-boat3,boat,boat,0.39208984375
knife6-bottle3,bottle,bottle,0.9375
knife6-chair3,chair,chair,0.998046875
knife6-clock2,dog,dog,0.1512451171875
knife6-dog2,cat,cat,0.404052734375
knife6-knife1,truck,truck,0.2135009765625
knife6-oven3,truck,truck,0.349365234375
knife6-truck1,truck,truck,0.439697265625
knife7-airplane3,truck,truck,0.370849609375
knife7-bird3,bear,bear,0.244384765625
knife7-boat3,truck,truck,0.449462890625
knife7-bottle3,bottle,bottle,0.7138671875
knife7-car2,car,car,0.89599609375
knife7-chair2,chair,chair,0.998046875
knife7-elephant2,elephant,elephant,0.5224609375
knife8-bicycle1,bicycle,bicycle,0.41015625
knife8-boat1,boat,boat,0.71240234375
knife8-bottle3,bottle,bottle,0.98486328125
knife8-car2,car,car,0.93212890625
knife8-cat2,dog,dog,0.3740234375
knife8-truck3,truck,truck,0.85205078125
knife9-airplane2,boat,boat,0.26806640625
knife9-bear3,cat,cat,0.440673828125
knife9-bicycle1,car,car,0.489990234375
knife9-bird1,dog,dog,0.255859375
knife9-boat1,boat,boat,0.4033203125
knife9-bottle2,bottle,bottle,0.97705078125
knife9-chair1,chair,chair,0.78759765625
knife9-elephant2,dog,dog,0.421630859375
oven1-bird3,bird,bird,0.365478515625
oven1-boat3,oven,oven,0.47705078125
oven1-cat1,cat,cat,0.810546875
oven1-clock3,clock,clock,0.8994140625
oven1-dog3,dog,dog,0.58642578125
oven10-airplane2,oven,oven,0.60693359375
oven10-bear1,oven,oven,0.41748046875
oven10-bicycle1,car,car,0.68603515625
oven10-boat2,oven,oven,0.76904296875
oven10-cat2,oven,oven,0.9990234375
oven10-oven3,oven,oven,0.95361328125
oven10-truck2,car,car,0.6875
oven2-bear3,bear,bear,0.64404296875
oven2-bicycle1,truck,truck,0.3466796875
oven2-bird2,oven,oven,0.673828125
oven2-boat3,oven,oven,0.70166015625
oven2-bottle1,bottle,bottle,0.82470703125
oven2-car1,car,car,0.55078125
oven2-chair1,chair,chair,0.94921875
oven2-dog3,dog,dog,0.576171875
oven2-oven3,oven,oven,1.0
oven2-truck3,truck,truck,0.432861328125
oven3-airplane1,boat,boat,0.2445068359375
oven3-bear2,cat,cat,0.74267578125
oven3-boat3,truck,truck,0.35986328125
oven3-bottle3,bottle,bottle,0.80078125
oven3-car2,truck,truck,0.5771484375
oven3-cat2,dog,dog,0.32568359375
oven3-clock3,clock,clock,0.99853515625
oven3-elephant3,elephant,elephant,0.97119140625
oven3-knife1,truck,truck,0.309326171875
oven3-truck1,oven,oven,0.397705078125
oven4-bicycle2,car,car,0.767578125
oven4-bottle2,bottle,bottle,0.86669921875
oven4-car1,car,car,0.462890625
oven4-chair1,chair,chair,0.84912109375
oven4-clock2,oven,oven,0.7626953125
oven4-dog1,chair,chair,0.7470703125
oven4-elephant3,oven,oven,0.3623046875
oven4-keyboard3,oven,oven,0.2415771484375
oven4-knife2,oven,oven,0.91748046875
oven4-truck3,truck,truck,0.7353515625
oven5-airplane1,oven,oven,0.4326171875
oven5-bicycle1,oven,oven,0.734375
oven5-bird1,oven,oven,0.9814453125
oven5-bottle3,bottle,bottle,0.4677734375
oven5-dog3,oven,oven,0.4765625
oven5-elephant1,elephant,elephant,0.96435546875
oven5-keyboard2,truck,truck,0.2427978515625
oven6-airplane3,oven,oven,0.8359375
oven6-bear2,bird,bird,0.30615234375
oven6-bicycle1,chair,chair,0.1627197265625
oven6-bird1,bird,bird,0.59130859375
oven6-chair3,chair,chair,0.9931640625
oven6-elephant2,elephant,elephant,0.75927734375
oven6-knife3,bear,bear,0.1724853515625
oven6-oven3,oven,oven,0.90673828125
oven6-truck1,clock,clock,0.229736328125
oven7-bottle1,chair,chair,0.84765625
oven7-car3,truck,truck,0.5615234375
oven7-cat1,cat,cat,0.49267578125
oven7-clock2,truck,truck,0.47900390625
oven7-dog2,bear,bear,0.68701171875
oven7-elephant1,elephant,elephant,0.455078125
oven7-keyboard1,oven,oven,0.37255859375
oven7-oven1,oven,oven,1.0
oven8-cat3,oven,oven,0.66259765625
oven8-chair1,chair,chair,0.9921875
oven8-keyboard3,knife,knife,0.472412109375
oven8-knife2,knife,knife,0.91552734375
oven9-airplane2,boat,boat,0.37548828125
oven9-bear2,oven,oven,0.96923828125
oven9-bird3,oven,oven,0.76123046875
oven9-boat2,oven,oven,0.7255859375
oven9-car2,car,car,0.64990234375
oven9-chair1,chair,chair,0.9453125
oven9-clock2,clock,clock,0.54296875
oven9-keyboard1,oven,oven,0.56884765625
oven9-knife3,knife,knife,0.81884765625
oven9-oven1,oven,oven,0.99560546875
truck1-bear1,truck,truck,0.93798828125
truck1-bicycle3,truck,truck,0.84326171875
truck1-bird1,truck,truck,0.99169921875
truck1-car3,truck,truck,0.896484375
truck1-cat1,cat,cat,0.66357421875
truck1-chair2,chair,chair,0.994140625
truck1-clock3,truck,truck,0.9482421875
truck1-dog1,truck,truck,0.95703125
truck1-knife1,truck,truck,0.98828125
truck10-airplane1,truck,truck,0.53125
truck10-bicycle1,car,car,0.779296875
truck10-car3,car,car,0.625
truck10-clock1,truck,truck,0.81787109375
truck10-elephant3,elephant,elephant,0.487548828125
truck10-truck3,truck,truck,0.7353515625
truck2-airplane3,truck,truck,0.94384765625
truck2-bicycle2,truck,truck,0.66943359375
truck2-bird2,truck,truck,0.96923828125
truck2-boat3,truck,truck,0.98046875
truck2-bottle3,truck,truck,0.8173828125
truck2-car3,truck,truck,0.9072265625
truck2-chair1,car,car,0.54345703125
truck2-clock1,truck,truck,0.9482421875
truck2-elephant1,truck,truck,0.90673828125
truck2-keyboard1,truck,truck,0.953125
truck2-oven3,truck,truck,0.481201171875
truck3-bear3,dog,dog,0.478759765625
truck3-bicycle1,truck,truck,0.78515625
truck3-bird2,truck,truck,0.99072265625
truck3-car3,truck,truck,0.578125
truck3-cat1,dog,dog,0.6083984375
truck3-chair2,chair,chair,0.9921875
truck3-clock3,clock,clock,0.99365234375
truck3-dog3,dog,dog,0.86962890625
truck3-keyboard3,knife,knife,0.21826171875
truck3-knife2,truck,truck,0.7314453125
truck3-oven2,truck,truck,0.99072265625
truck4-airplane3,truck,truck,0.98974609375
truck4-bear1,bear,bear,0.56640625
truck4-boat3,truck,truck,0.99462890625
truck4-bottle2,bottle,bottle,0.99267578125
truck4-knife1,truck,truck,0.708984375
truck4-oven2,truck,truck,0.986328125
truck5-airplane2,truck,truck,0.76025390625
truck5-bird2,truck,truck,0.77685546875
truck5-car1,truck,truck,0.93115234375
truck5-cat3,truck,truck,0.6142578125
truck5-dog3,truck,truck,0.76416015625
truck5-keyboard1,truck,truck,0.90771484375
truck5-knife3,knife,knife,0.86572265625
truck5-truck1,truck,truck,0.986328125
truck6-bear2,truck,truck,0.89501953125
truck6-bicycle1,truck,truck,0.77880859375
truck6-boat2,truck,truck,0.97314453125
truck6-bottle3,truck,truck,0.5234375
truck6-cat2,truck,truck,0.94677734375
truck6-clock2,truck,truck,0.8974609375
truck6-dog2,truck,truck,0.95703125
truck6-knife2,truck,truck,0.94873046875
truck6-oven3,oven,oven,0.69384765625
truck6-truck2,truck,truck,0.7724609375
truck7-bear2,truck,truck,0.96435546875
truck7-bird2,truck,truck,0.9814453125
truck7-boat1,truck,truck,0.96533203125
truck7-chair2,truck,truck,0.96435546875
truck7-elephant2,truck,truck,0.466064453125
truck7-keyboard3,keyboard,keyboard,0.1998291015625
truck7-oven2,truck,truck,0.98779296875
truck7-truck2,truck,truck,0.99365234375
truck8-bottle2,truck,truck,0.359619140625
truck8-cat2,truck,truck,0.9921875
truck8-dog3,truck,truck,0.98486328125
truck8-elephant1,truck,truck,0.990234375
truck8-keyboard2,keyboard,keyboard,0.42041015625
truck9-airplane2,truck,truck,0.97216796875
truck9-boat3,truck,truck,0.9951171875
truck9-bottle2,bottle,bottle,0.634765625
truck9-chair3,chair,chair,0.9951171875
truck9-elephant1,truck,truck,0.802734375
truck9-truck3,truck,truck,0.93115234375
