image,timestamp,response,pred_label,pred_conf
dog8-dog3,2024-02-05 20:21:25,K,dog,1
oven1-boat3,2024-02-05 20:21:25,E,boat,1
elephant3-chair1,2024-02-05 20:21:26,I,chair,1
truck8-bottle2,2024-02-05 20:21:26,F,bottle,1
bicycle4-keyboard3,2024-02-05 20:21:27,C,bicycle,1
boat2-keyboard1,2024-02-05 20:21:27,N,knife,1
dog10-bicycle1,2024-02-05 20:21:27,K,dog,1
keyboard5-dog3,2024-02-05 20:21:28,K,dog,1
knife6-boat3,2024-02-05 20:21:28,E,boat,1
dog4-elephant2,2024-02-05 20:21:29,L,elephant,1
cat1-cat3,2024-02-05 20:21:29,H,cat,1
chair2-boat1,2024-02-05 20:21:29,I,chair,1
truck1-knife1,2024-02-05 20:21:30,P,truck,1
car3-oven3,2024-02-05 20:21:30,G,car,1
bird3-bird2,2024-02-05 20:21:31,D,bird,1
cat9-chair2,2024-02-05 20:21:31,I,chair,1
cat4-oven1,2024-02-05 20:21:31,H,cat,1
oven6-elephant2,2024-02-05 20:21:32,L,elephant,1
dog6-bird1,2024-02-05 20:21:32,K,dog,1
bottle3-bottle3,2024-02-05 20:21:33,F,bottle,1
elephant4-car3,2024-02-05 20:21:33,L,elephant,1
boat2-bird1,2024-02-05 20:21:33,E,boat,1
bird8-knife2,2024-02-05 20:21:34,D,bird,1
bottle4-oven2,2024-02-05 20:21:34,F,bottle,1
boat6-truck3,2024-02-05 20:21:35,I,chair,1
oven6-knife3,2024-02-05 20:21:35,N,knife,1
truck2-elephant1,2024-02-05 20:21:35,P,truck,1
bear5-airplane3,2024-02-05 20:21:36,B,bear,1
oven7-bottle1,2024-02-05 20:21:36,F,bottle,1
boat4-car3,2024-02-05 20:21:37,G,car,1
oven4-bicycle2,2024-02-05 20:21:37,G,car,1
bottle6-oven3,2024-02-05 20:21:37,M,keyboard,1
car6-bear1,2024-02-05 20:21:38,H,cat,1
truck3-dog3,2024-02-05 20:21:38,K,dog,1
knife7-boat3,2024-02-05 20:21:39,E,boat,1
car8-bear1,2024-02-05 20:21:39,B,bear,1
clock7-car1,2024-02-05 20:21:39,J,clock,1
dog4-bottle2,2024-02-05 20:21:40,F,bottle,1
bicycle2-car2,2024-02-05 20:21:40,C,bicycle,1
dog6-elephant2,2024-02-05 20:21:41,K,dog,1
keyboard9-elephant2,2024-02-05 20:21:41,M,keyboard,1
bottle9-car3,2024-02-05 20:21:41,F,bottle,1
oven7-elephant1,2024-02-05 20:21:42,I,chair,1
keyboard9-cat1,2024-02-05 20:21:42,H,cat,1
knife10-bear3,2024-02-05 20:21:43,B,bear,1
elephant3-knife1,2024-02-05 20:21:43,G,car,1
bird10-chair1,2024-02-05 20:21:44,I,chair,1
bottle2-car2,2024-02-05 20:21:44,G,car,1
bicycle1-oven1,2024-02-05 20:21:44,C,bicycle,1
chair4-cat2,2024-02-05 20:21:45,L,elephant,1
chair1-clock2,2024-02-05 20:21:45,J,clock,1
boat3-bicycle2,2024-02-05 20:21:46,C,bicycle,1
elephant7-clock2,2024-02-05 20:21:46,J,clock,1
bicycle4-truck3,2024-02-05 20:21:46,C,bicycle,1
bird9-chair1,2024-02-05 20:21:47,I,chair,1
clock5-chair3,2024-02-05 20:21:47,J,clock,1
keyboard9-chair2,2024-02-05 20:21:48,I,chair,1
bird10-bird2,2024-02-05 20:21:48,D,bird,1
cat7-knife2,2024-02-05 20:21:48,H,cat,1
airplane7-cat3,2024-02-05 20:21:49,B,bear,1
knife2-bottle2,2024-02-05 20:21:49,F,bottle,1
truck2-clock1,2024-02-05 20:21:50,P,truck,1
bird3-oven1,2024-02-05 20:21:50,M,keyboard,1
car9-keyboard2,2024-02-05 20:21:50,M,keyboard,1
cat4-clock2,2024-02-05 20:21:51,J,clock,1
elephant2-elephant3,2024-02-05 20:21:51,L,elephant,1
airplane9-airplane2,2024-02-05 20:21:52,A,airplane,1
bicycle5-cat1,2024-02-05 20:21:52,C,bicycle,1
elephant5-elephant1,2024-02-05 20:21:52,L,elephant,1
knife6-dog2,2024-02-05 20:21:53,H,cat,1
airplane4-knife1,2024-02-05 20:21:53,G,car,1
bird5-dog2,2024-02-05 20:21:54,D,bird,1
elephant8-bicycle3,2024-02-05 20:21:54,C,bicycle,1
bird8-bottle1,2024-02-05 20:21:54,D,bird,1
bottle7-cat2,2024-02-05 20:21:55,B,bear,1
keyboard3-elephant2,2024-02-05 20:21:55,M,keyboard,1
boat9-dog2,2024-02-05 20:21:56,B,bear,1
cat8-bird2,2024-02-05 20:21:56,H,cat,1
elephant1-boat2,2024-02-05 20:21:56,L,elephant,1
knife9-chair1,2024-02-05 20:21:57,I,chair,1
airplane5-boat3,2024-02-05 20:21:57,A,airplane,1
car4-cat3,2024-02-05 20:21:58,G,car,1
knife10-oven3,2024-02-05 20:21:58,M,keyboard,1
clock3-bear3,2024-02-05 20:21:58,J,clock,1
dog10-bottle1,2024-02-05 20:21:59,F,bottle,1
clock5-bicycle1,2024-02-05 20:21:59,J,clock,1
dog8-bottle2,2024-02-05 20:22:00,F,bottle,1
bear4-truck3,2024-02-05 20:22:00,G,car,1
boat10-boat3,2024-02-05 20:22:01,E,boat,1
keyboard6-boat2,2024-02-05 20:22:01,G,car,1
oven2-bicycle1,2024-02-05 20:22:01,G,car,1
knife1-dog1,2024-02-05 20:22:02,K,dog,1
bicycle1-dog3,2024-02-05 20:22:02,C,bicycle,1
cat5-bicycle3,2024-02-05 20:22:03,H,cat,1
bird5-cat2,2024-02-05 20:22:03,D,bird,1
bottle6-airplane1,2024-02-05 20:22:03,F,bottle,1
knife5-bicycle2,2024-02-05 20:22:04,M,keyboard,1
boat5-knife2,2024-02-05 20:22:04,M,keyboard,1
dog5-truck2,2024-02-05 20:22:05,G,car,1
car6-bicycle3,2024-02-05 20:22:05,G,car,1
keyboard10-truck1,2024-02-05 20:22:05,G,car,1
clock9-chair3,2024-02-05 20:22:06,I,chair,1
knife6-bicycle1,2024-02-05 20:22:06,M,keyboard,1
bottle6-boat3,2024-02-05 20:22:07,F,bottle,1
dog2-knife3,2024-02-05 20:22:07,M,keyboard,1
bicycle9-chair1,2024-02-05 20:22:07,C,bicycle,1
clock4-car2,2024-02-05 20:22:08,G,car,1
bicycle6-car2,2024-02-05 20:22:08,C,bicycle,1
clock2-bottle3,2024-02-05 20:22:09,J,clock,1
dog7-chair2,2024-02-05 20:22:09,I,chair,1
chair8-bear1,2024-02-05 20:22:09,I,chair,1
clock1-boat3,2024-02-05 20:22:10,E,boat,1
dog8-boat3,2024-02-05 20:22:10,L,elephant,1
keyboard5-airplane3,2024-02-05 20:22:11,M,keyboard,1
boat7-elephant3,2024-02-05 20:22:11,E,boat,1
keyboard5-bottle1,2024-02-05 20:22:12,F,bottle,1
chair8-knife2,2024-02-05 20:22:12,N,knife,1
cat10-elephant3,2024-02-05 20:22:12,H,cat,1
cat6-clock3,2024-02-05 20:22:13,H,cat,1
elephant7-airplane3,2024-02-05 20:22:13,L,elephant,1
chair6-bird2,2024-02-05 20:22:14,I,chair,1
keyboard7-knife1,2024-02-05 20:22:14,N,knife,1
bird8-elephant1,2024-02-05 20:22:14,D,bird,1
cat7-truck2,2024-02-05 20:22:15,G,car,1
keyboard8-dog3,2024-02-05 20:22:15,M,keyboard,1
cat5-bear2,2024-02-05 20:22:16,H,cat,1
elephant8-knife2,2024-02-05 20:22:16,M,keyboard,1
bicycle5-oven3,2024-02-05 20:22:16,O,oven,1
airplane9-keyboard2,2024-02-05 20:22:17,M,keyboard,1
cat8-bear1,2024-02-05 20:22:17,H,cat,1
car5-cat1,2024-02-05 20:22:18,G,car,1
truck8-cat2,2024-02-05 20:22:18,P,truck,1
knife6-oven3,2024-02-05 20:22:19,M,keyboard,1
oven6-oven3,2024-02-05 20:22:19,O,oven,1
dog10-dog1,2024-02-05 20:22:19,K,dog,1
airplane4-bear3,2024-02-05 20:22:20,B,bear,1
keyboard5-keyboard1,2024-02-05 20:22:20,M,keyboard,1
truck4-oven2,2024-02-05 20:22:21,P,truck,1
truck2-bottle3,2024-02-05 20:22:21,P,truck,1
oven7-oven1,2024-02-05 20:22:21,O,oven,1
keyboard3-bicycle2,2024-02-05 20:22:22,C,bicycle,1
boat3-airplane2,2024-02-05 20:22:22,E,boat,1
dog2-dog3,2024-02-05 20:22:23,K,dog,1
chair9-bicycle3,2024-02-05 20:22:23,I,chair,1
cat10-airplane3,2024-02-05 20:22:23,D,bird,1
knife1-airplane1,2024-02-05 20:22:24,M,keyboard,1
truck3-bear3,2024-02-05 20:22:24,K,dog,1
truck6-dog2,2024-02-05 20:22:25,P,truck,1
boat2-bear3,2024-02-05 20:22:25,B,bear,1
keyboard7-oven2,2024-02-05 20:22:25,M,keyboard,1
bottle7-bear1,2024-02-05 20:22:26,B,bear,1
oven3-cat2,2024-02-05 20:22:26,O,oven,1
clock10-knife3,2024-02-05 20:22:27,N,knife,1
airplane2-dog1,2024-02-05 20:22:27,B,bear,1
dog9-boat1,2024-02-05 20:22:27,K,dog,1
knife8-bicycle1,2024-02-05 20:22:28,C,bicycle,1
cat1-bird1,2024-02-05 20:22:28,H,cat,1
truck7-boat1,2024-02-05 20:22:29,P,truck,1
oven5-bottle3,2024-02-05 20:22:29,O,oven,1
airplane8-oven2,2024-02-05 20:22:29,M,keyboard,1
oven3-bottle3,2024-02-05 20:22:30,F,bottle,1
bird2-knife1,2024-02-05 20:22:30,N,knife,1
boat7-clock3,2024-02-05 20:22:31,J,clock,1
dog8-keyboard3,2024-02-05 20:22:31,G,car,1
airplane10-boat3,2024-02-05 20:22:31,A,airplane,1
bicycle3-bird1,2024-02-05 20:22:32,C,bicycle,1
bird6-boat2,2024-02-05 20:22:32,D,bird,1
bird2-dog2,2024-02-05 20:22:33,D,bird,1
knife5-oven2,2024-02-05 20:22:33,M,keyboard,1
bottle10-truck3,2024-02-05 20:22:34,F,bottle,1
chair1-airplane2,2024-02-05 20:22:34,I,chair,1
chair9-chair3,2024-02-05 20:22:34,I,chair,1
truck4-bear1,2024-02-05 20:22:35,B,bear,1
boat3-dog3,2024-02-05 20:22:35,B,bear,1
dog6-bicycle1,2024-02-05 20:22:36,K,dog,1
knife10-dog1,2024-02-05 20:22:36,B,bear,1
cat9-truck1,2024-02-05 20:22:36,H,cat,1
cat3-truck3,2024-02-05 20:22:37,G,car,1
bird5-bicycle1,2024-02-05 20:22:37,D,bird,1
cat5-keyboard3,2024-02-05 20:22:38,H,cat,1
chair3-dog2,2024-02-05 20:22:38,I,chair,1
keyboard4-truck3,2024-02-05 20:22:38,G,car,1
car3-bottle3,2024-02-05 20:22:39,F,bottle,1
knife4-boat1,2024-02-05 20:22:39,E,boat,1
knife2-cat3,2024-02-05 20:22:40,N,knife,1
airplane2-bird3,2024-02-05 20:22:40,D,bird,1
airplane3-cat1,2024-02-05 20:22:40,B,bear,1
car7-bear1,2024-02-05 20:22:41,B,bear,1
elephant6-cat2,2024-02-05 20:22:41,B,bear,1
chair1-cat3,2024-02-05 20:22:42,I,chair,1
bottle8-bird1,2024-02-05 20:22:42,F,bottle,1
keyboard1-car3,2024-02-05 20:22:42,G,car,1
elephant8-cat1,2024-02-05 20:22:43,H,cat,1
bird9-elephant2,2024-02-05 20:22:43,D,bird,1
truck9-bottle2,2024-02-05 20:22:44,F,bottle,1
truck8-elephant1,2024-02-05 20:22:44,P,truck,1
dog1-car2,2024-02-05 20:22:44,G,car,1
knife7-elephant2,2024-02-05 20:22:45,L,elephant,1
oven8-cat3,2024-02-05 20:22:45,O,oven,1
clock5-clock2,2024-02-05 20:22:46,J,clock,1
truck9-airplane2,2024-02-05 20:22:46,P,truck,1
bottle3-bicycle3,2024-02-05 20:22:47,F,bottle,1
clock4-bird3,2024-02-05 20:22:47,J,clock,1
car9-bicycle2,2024-02-05 20:22:47,G,car,1
cat9-bird3,2024-02-05 20:22:48,H,cat,1
car3-elephant3,2024-02-05 20:22:48,G,car,1
boat8-dog3,2024-02-05 20:22:49,K,dog,1
chair8-bicycle3,2024-02-05 20:22:49,I,chair,1
oven4-dog1,2024-02-05 20:22:49,M,keyboard,1
bird5-bird1,2024-02-05 20:22:50,D,bird,1
bear6-bottle3,2024-02-05 20:22:50,F,bottle,1
car2-chair1,2024-02-05 20:22:51,G,car,1
clock7-keyboard2,2024-02-05 20:22:51,J,clock,1
bear8-elephant2,2024-02-05 20:22:51,B,bear,1
clock4-boat3,2024-02-05 20:22:52,J,clock,1
oven9-airplane2,2024-02-05 20:22:52,O,oven,1
bear3-airplane1,2024-02-05 20:22:53,L,elephant,1
boat7-truck2,2024-02-05 20:22:53,G,car,1
chair2-bear2,2024-02-05 20:22:53,I,chair,1
boat9-boat3,2024-02-05 20:22:54,E,boat,1
elephant6-bicycle1,2024-02-05 20:22:54,L,elephant,1
chair9-bottle3,2024-02-05 20:22:55,F,bottle,1
bottle6-bicycle3,2024-02-05 20:22:55,F,bottle,1
cat4-truck3,2024-02-05 20:22:55,M,keyboard,1
truck9-truck3,2024-02-05 20:22:56,P,truck,1
bird7-boat1,2024-02-05 20:22:56,E,boat,1
truck2-airplane3,2024-02-05 20:22:57,P,truck,1
clock9-cat1,2024-02-05 20:22:57,J,clock,1
bicycle9-cat3,2024-02-05 20:22:57,C,bicycle,1
airplane4-bird3,2024-02-05 20:22:58,D,bird,1
keyboard3-clock3,2024-02-05 20:22:58,J,clock,1
bear2-airplane1,2024-02-05 20:22:59,B,bear,1
clock1-car1,2024-02-05 20:22:59,G,car,1
bear10-bear2,2024-02-05 20:23:00,B,bear,1
elephant7-cat1,2024-02-05 20:23:00,L,elephant,1
chair8-chair3,2024-02-05 20:23:00,I,chair,1
dog9-cat1,2024-02-05 20:23:01,K,dog,1
chair1-dog1,2024-02-05 20:23:01,I,chair,1
boat4-elephant2,2024-02-05 20:23:02,L,elephant,1
bear9-keyboard3,2024-02-05 20:23:02,M,keyboard,1
oven2-bird2,2024-02-05 20:23:03,O,oven,1
cat6-oven1,2024-02-05 20:23:03,H,cat,1
car9-cat1,2024-02-05 20:23:03,G,car,1
dog5-oven1,2024-02-05 20:23:04,H,cat,1
keyboard7-bottle1,2024-02-05 20:23:04,F,bottle,1
chair3-airplane2,2024-02-05 20:23:04,I,chair,1
airplane5-bottle3,2024-02-05 20:23:05,F,bottle,1
bear1-bear3,2024-02-05 20:23:05,B,bear,1
chair8-keyboard3,2024-02-05 20:23:06,M,keyboard,1
oven4-car1,2024-02-05 20:23:06,O,oven,1
truck9-elephant1,2024-02-05 20:23:07,P,truck,1
elephant3-truck1,2024-02-05 20:23:07,L,elephant,1
boat1-elephant3,2024-02-05 20:23:07,L,elephant,1
bicycle10-airplane2,2024-02-05 20:23:08,C,bicycle,1
airplane4-keyboard3,2024-02-05 20:23:08,M,keyboard,1
bicycle9-airplane2,2024-02-05 20:23:09,C,bicycle,1
car2-bird3,2024-02-05 20:23:09,G,car,1
airplane6-knife1,2024-02-05 20:23:09,N,knife,1
clock5-elephant2,2024-02-05 20:23:10,J,clock,1
airplane10-knife3,2024-02-05 20:23:10,N,knife,1
knife3-bear2,2024-02-05 20:23:11,B,bear,1
chair3-bicycle3,2024-02-05 20:23:11,I,chair,1
oven10-oven3,2024-02-05 20:23:12,O,oven,1
bicycle10-dog3,2024-02-05 20:23:12,C,bicycle,1
bear10-chair2,2024-02-05 20:23:12,I,chair,1
bird7-knife2,2024-02-05 20:23:13,D,bird,1
knife4-cat2,2024-02-05 20:23:13,B,bear,1
truck7-chair2,2024-02-05 20:23:14,P,truck,1
bird6-bottle3,2024-02-05 20:23:14,D,bird,1
keyboard8-chair2,2024-02-05 20:23:14,I,chair,1
car6-chair3,2024-02-05 20:23:15,I,chair,1
bottle10-car1,2024-02-05 20:23:15,F,bottle,1
bicycle4-bicycle3,2024-02-05 20:23:16,C,bicycle,1
oven9-chair1,2024-02-05 20:23:16,I,chair,1
boat6-airplane2,2024-02-05 20:23:16,A,airplane,1
bicycle7-elephant2,2024-02-05 20:23:17,C,bicycle,1
oven5-bird1,2024-02-05 20:23:17,O,oven,1
bear8-airplane1,2024-02-05 20:23:18,L,elephant,1
boat1-car2,2024-02-05 20:23:18,G,car,1
car3-bird2,2024-02-05 20:23:18,G,car,1
bottle9-elephant2,2024-02-05 20:23:19,F,bottle,1
bottle8-dog2,2024-02-05 20:23:19,F,bottle,1
dog7-car2,2024-02-05 20:23:20,G,car,1
bottle8-bottle3,2024-02-05 20:23:20,F,bottle,1
bear10-clock1,2024-02-05 20:23:21,J,clock,1
dog5-elephant1,2024-02-05 20:23:21,K,dog,1
bird3-boat3,2024-02-05 20:23:21,G,car,1
bear9-bottle2,2024-02-05 20:23:22,F,bottle,1
chair9-keyboard2,2024-02-05 20:23:22,M,keyboard,1
boat8-knife1,2024-02-05 20:23:23,C,bicycle,1
keyboard8-keyboard2,2024-02-05 20:23:23,M,keyboard,1
car8-cat1,2024-02-05 20:23:23,H,cat,1
boat10-bear3,2024-02-05 20:23:24,B,bear,1
bird2-car3,2024-02-05 20:23:24,G,car,1
bear3-bicycle2,2024-02-05 20:23:25,M,keyboard,1
keyboard9-bear2,2024-02-05 20:23:25,K,dog,1
oven10-airplane2,2024-02-05 20:23:26,O,oven,1
bear10-bottle1,2024-02-05 20:23:26,F,bottle,1
bird1-chair2,2024-02-05 20:23:26,I,chair,1
bicycle1-airplane2,2024-02-05 20:23:27,C,bicycle,1
knife3-cat1,2024-02-05 20:23:27,H,cat,1
bottle2-knife3,2024-02-05 20:23:28,F,bottle,1
oven10-truck2,2024-02-05 20:23:28,O,oven,1
bear10-oven1,2024-02-05 20:23:28,K,dog,1
knife10-elephant3,2024-02-05 20:23:29,L,elephant,1
clock4-knife1,2024-02-05 20:23:29,J,clock,1
cat9-knife2,2024-02-05 20:23:30,H,cat,1
cat4-airplane1,2024-02-05 20:23:30,H,cat,1
elephant3-cat2,2024-02-05 20:23:30,L,elephant,1
truck1-dog1,2024-02-05 20:23:31,P,truck,1
cat1-oven1,2024-02-05 20:23:31,H,cat,1
clock8-keyboard1,2024-02-05 20:23:32,J,clock,1
boat9-airplane2,2024-02-05 20:23:32,E,boat,1
chair9-bear1,2024-02-05 20:23:32,B,bear,1
bird5-airplane3,2024-02-05 20:23:33,D,bird,1
oven6-airplane3,2024-02-05 20:23:33,O,oven,1
airplane2-bottle1,2024-02-05 20:23:34,F,bottle,1
car10-elephant2,2024-02-05 20:23:34,G,car,1
cat4-keyboard2,2024-02-05 20:23:35,M,keyboard,1
airplane6-bottle2,2024-02-05 20:23:35,F,bottle,1
car7-clock1,2024-02-05 20:23:35,J,clock,1
bottle9-bottle1,2024-02-05 20:23:36,F,bottle,1
boat2-bottle2,2024-02-05 20:23:36,F,bottle,1
car8-bicycle2,2024-02-05 20:23:37,G,car,1
cat3-oven2,2024-02-05 20:23:37,H,cat,1
keyboard1-dog3,2024-02-05 20:23:38,K,dog,1
knife6-bottle3,2024-02-05 20:23:38,F,bottle,1
dog8-oven3,2024-02-05 20:23:38,L,elephant,1
oven3-truck1,2024-02-05 20:23:39,G,car,1
knife2-bear2,2024-02-05 20:23:39,B,bear,1
bicycle4-chair2,2024-02-05 20:23:40,I,chair,1
oven10-bicycle1,2024-02-05 20:23:40,G,car,1
clock7-bicycle1,2024-02-05 20:23:40,J,clock,1
elephant4-chair3,2024-02-05 20:23:41,I,chair,1
clock7-bottle2,2024-02-05 20:23:41,J,clock,1
clock7-dog2,2024-02-05 20:23:42,J,clock,1
airplane7-keyboard1,2024-02-05 20:23:42,M,keyboard,1
knife4-oven2,2024-02-05 20:23:42,M,keyboard,1
boat2-oven3,2024-02-05 20:23:43,M,keyboard,1
bird7-oven3,2024-02-05 20:23:43,M,keyboard,1
dog5-bear3,2024-02-05 20:23:44,K,dog,1
dog4-truck2,2024-02-05 20:23:44,G,car,1
bottle6-chair2,2024-02-05 20:23:45,I,chair,1
airplane5-dog3,2024-02-05 20:23:45,K,dog,1
clock10-bird3,2024-02-05 20:23:45,J,clock,1
elephant9-boat3,2024-02-05 20:23:46,L,elephant,1
bear2-elephant1,2024-02-05 20:23:46,B,bear,1
bicycle3-keyboard1,2024-02-05 20:23:47,C,bicycle,1
bottle10-clock2,2024-02-05 20:23:47,J,clock,1
car10-car1,2024-02-05 20:23:47,G,car,1
bear5-boat2,2024-02-05 20:23:48,E,boat,1
bottle5-boat1,2024-02-05 20:23:48,F,bottle,1
knife5-clock1,2024-02-05 20:23:49,J,clock,1
bicycle10-boat3,2024-02-05 20:23:49,C,bicycle,1
oven9-clock2,2024-02-05 20:23:49,O,oven,1
truck6-cat2,2024-02-05 20:23:50,P,truck,1
chair5-car1,2024-02-05 20:23:50,G,car,1
keyboard9-keyboard2,2024-02-05 20:23:51,M,keyboard,1
boat4-knife2,2024-02-05 20:23:51,N,knife,1
bottle1-dog2,2024-02-05 20:23:52,F,bottle,1
bird9-bicycle3,2024-02-05 20:23:52,D,bird,1
oven5-elephant1,2024-02-05 20:23:52,M,keyboard,1
bottle1-cat3,2024-02-05 20:23:53,F,bottle,1
car10-bottle3,2024-02-05 20:23:53,G,car,1
truck3-oven2,2024-02-05 20:23:54,P,truck,1
bird4-clock1,2024-02-05 20:23:54,J,clock,1
bear10-keyboard3,2024-02-05 20:23:55,M,keyboard,1
car3-truck1,2024-02-05 20:23:55,G,car,1
boat3-keyboard2,2024-02-05 20:23:55,M,keyboard,1
truck9-boat3,2024-02-05 20:23:56,P,truck,1
dog9-chair2,2024-02-05 20:23:56,I,chair,1
bear9-knife2,2024-02-05 20:23:57,B,bear,1
bottle9-keyboard1,2024-02-05 20:23:57,F,bottle,1
bicycle10-clock2,2024-02-05 20:23:57,C,bicycle,1
bicycle4-airplane1,2024-02-05 20:23:58,C,bicycle,1
chair4-bear2,2024-02-05 20:23:58,I,chair,1
elephant2-cat1,2024-02-05 20:23:59,H,cat,1
airplane6-bear3,2024-02-05 20:23:59,B,bear,1
knife6-chair3,2024-02-05 20:24:00,I,chair,1
truck7-bear2,2024-02-05 20:24:00,P,truck,1
oven8-chair1,2024-02-05 20:24:00,I,chair,1
bear2-knife2,2024-02-05 20:24:01,B,bear,1
cat5-car2,2024-02-05 20:24:01,G,car,1
clock3-car2,2024-02-05 20:24:02,J,clock,1
elephant7-dog1,2024-02-05 20:24:02,L,elephant,1
clock4-bottle3,2024-02-05 20:24:02,J,clock,1
elephant6-dog2,2024-02-05 20:24:03,L,elephant,1
bicycle3-truck3,2024-02-05 20:24:03,G,car,1
oven4-clock2,2024-02-05 20:24:04,O,oven,1
bird8-boat3,2024-02-05 20:24:04,D,bird,1
knife6-airplane1,2024-02-05 20:24:04,N,knife,1
truck1-clock3,2024-02-05 20:24:05,P,truck,1
keyboard9-boat2,2024-02-05 20:24:05,G,car,1
dog8-clock2,2024-02-05 20:24:06,K,dog,1
truck10-car3,2024-02-05 20:24:06,P,truck,1
airplane10-oven2,2024-02-05 20:24:06,A,airplane,1
keyboard8-oven1,2024-02-05 20:24:07,M,keyboard,1
clock7-truck3,2024-02-05 20:24:07,J,clock,1
oven9-keyboard1,2024-02-05 20:24:08,M,keyboard,1
keyboard7-truck2,2024-02-05 20:24:08,G,car,1
clock9-airplane1,2024-02-05 20:24:08,J,clock,1
truck3-car3,2024-02-05 20:24:09,P,truck,1
dog7-oven2,2024-02-05 20:24:09,M,keyboard,1
bird1-clock3,2024-02-05 20:24:10,J,clock,1
keyboard2-elephant1,2024-02-05 20:24:10,L,elephant,1
airplane10-cat2,2024-02-05 20:24:10,D,bird,1
car6-bottle1,2024-02-05 20:24:11,F,bottle,1
clock9-bird2,2024-02-05 20:24:11,J,clock,1
airplane5-bird2,2024-02-05 20:24:12,A,airplane,1
clock1-elephant2,2024-02-05 20:24:12,L,elephant,1
bicycle7-cat1,2024-02-05 20:24:13,C,bicycle,1
cat4-car2,2024-02-05 20:24:13,G,car,1
boat6-knife2,2024-02-05 20:24:13,D,bird,1
dog10-elephant1,2024-02-05 20:24:14,K,dog,1
keyboard6-car2,2024-02-05 20:24:14,G,car,1
bear8-knife3,2024-02-05 20:24:15,B,bear,1
bear6-bird2,2024-02-05 20:24:15,K,dog,1
dog3-clock1,2024-02-05 20:24:15,J,clock,1
knife2-elephant2,2024-02-05 20:24:16,L,elephant,1
knife5-truck3,2024-02-05 20:24:16,G,car,1
airplane6-keyboard3,2024-02-05 20:24:17,A,airplane,1
bird6-elephant2,2024-02-05 20:24:17,L,elephant,1
boat6-cat1,2024-02-05 20:24:17,K,dog,1
knife4-airplane3,2024-02-05 20:24:18,M,keyboard,1
bear8-boat2,2024-02-05 20:24:18,G,car,1
cat5-airplane2,2024-02-05 20:24:19,D,bird,1
oven10-cat2,2024-02-05 20:24:19,O,oven,1
bear9-boat2,2024-02-05 20:24:19,B,bear,1
bicycle4-cat1,2024-02-05 20:24:20,C,bicycle,1
elephant3-oven1,2024-02-05 20:24:20,L,elephant,1
bear4-oven2,2024-02-05 20:24:21,G,car,1
knife3-knife1,2024-02-05 20:24:21,G,car,1
bicycle1-bird1,2024-02-05 20:24:21,C,bicycle,1
truck7-oven2,2024-02-05 20:24:22,P,truck,1
elephant2-airplane3,2024-02-05 20:24:22,L,elephant,1
bicycle1-clock3,2024-02-05 20:24:23,J,clock,1
cat7-elephant1,2024-02-05 20:24:23,H,cat,1
knife6-clock2,2024-02-05 20:24:23,M,keyboard,1
bear6-car2,2024-02-05 20:24:24,G,car,1
bird8-clock1,2024-02-05 20:24:24,J,clock,1
knife4-car2,2024-02-05 20:24:25,G,car,1
bicycle6-dog2,2024-02-05 20:24:25,C,bicycle,1
truck5-keyboard1,2024-02-05 20:24:25,P,truck,1
chair6-truck2,2024-02-05 20:24:26,G,car,1
bear1-clock2,2024-02-05 20:24:26,B,bear,1
bird3-knife3,2024-02-05 20:24:27,L,elephant,1
truck2-boat3,2024-02-05 20:24:27,P,truck,1
airplane7-clock3,2024-02-05 20:24:28,J,clock,1
keyboard6-bottle2,2024-02-05 20:24:28,F,bottle,1
airplane9-truck1,2024-02-05 20:24:28,C,bicycle,1
knife10-chair1,2024-02-05 20:24:29,I,chair,1
clock3-bird1,2024-02-05 20:24:29,J,clock,1
car8-dog1,2024-02-05 20:24:30,B,bear,1
cat10-bicycle1,2024-02-05 20:24:30,M,keyboard,1
knife1-keyboard3,2024-02-05 20:24:30,M,keyboard,1
boat5-car3,2024-02-05 20:24:31,G,car,1
cat2-knife3,2024-02-05 20:24:31,N,knife,1
bear7-bear2,2024-02-05 20:24:32,B,bear,1
elephant4-bird1,2024-02-05 20:24:32,L,elephant,1
truck9-chair3,2024-02-05 20:24:32,I,chair,1
elephant8-clock2,2024-02-05 20:24:33,L,elephant,1
bird1-keyboard3,2024-02-05 20:24:33,M,keyboard,1
clock9-keyboard2,2024-02-05 20:24:34,M,keyboard,1
dog1-knife3,2024-02-05 20:24:34,K,dog,1
cat1-chair2,2024-02-05 20:24:34,I,chair,1
bear4-cat3,2024-02-05 20:24:35,B,bear,1
car4-elephant3,2024-02-05 20:24:35,G,car,1
keyboard6-dog2,2024-02-05 20:24:36,M,keyboard,1
bottle7-elephant2,2024-02-05 20:24:36,L,elephant,1
bird1-bicycle2,2024-02-05 20:24:36,D,bird,1
chair4-truck2,2024-02-05 20:24:37,G,car,1
clock3-bicycle2,2024-02-05 20:24:37,J,clock,1
clock6-bird3,2024-02-05 20:24:38,J,clock,1
dog4-bicycle1,2024-02-05 20:24:38,G,car,1
dog3-elephant2,2024-02-05 20:24:38,K,dog,1
elephant8-dog1,2024-02-05 20:24:39,K,dog,1
bicycle1-bicycle3,2024-02-05 20:24:39,C,bicycle,1
bird10-bicycle1,2024-02-05 20:24:40,D,bird,1
airplane1-clock1,2024-02-05 20:24:40,J,clock,1
keyboard8-truck3,2024-02-05 20:24:40,I,chair,1
airplane8-bicycle3,2024-02-05 20:24:41,C,bicycle,1
oven1-clock3,2024-02-05 20:24:41,J,clock,1
bottle7-boat3,2024-02-05 20:24:42,A,airplane,1
keyboard6-chair1,2024-02-05 20:24:42,I,chair,1
clock7-cat2,2024-02-05 20:24:42,J,clock,1
bicycle2-dog1,2024-02-05 20:24:43,C,bicycle,1
elephant8-boat2,2024-02-05 20:24:43,E,boat,1
bottle2-elephant1,2024-02-05 20:24:44,F,bottle,1
keyboard3-car2,2024-02-05 20:24:44,G,car,1
bird9-dog2,2024-02-05 20:24:45,D,bird,1
dog4-cat3,2024-02-05 20:24:45,K,dog,1
cat9-clock2,2024-02-05 20:24:45,H,cat,1
elephant9-clock3,2024-02-05 20:24:46,J,clock,1
knife10-keyboard3,2024-02-05 20:24:46,N,knife,1
clock6-knife2,2024-02-05 20:24:47,J,clock,1
keyboard10-airplane3,2024-02-05 20:24:47,A,airplane,1
clock5-oven1,2024-02-05 20:24:47,J,clock,1
clock6-truck3,2024-02-05 20:24:48,G,car,1
knife1-clock2,2024-02-05 20:24:48,J,clock,1
knife7-bottle3,2024-02-05 20:24:49,F,bottle,1
bicycle8-bird2,2024-02-05 20:24:49,C,bicycle,1
truck5-dog3,2024-02-05 20:24:49,P,truck,1
dog1-airplane3,2024-02-05 20:24:50,A,airplane,1
elephant5-truck1,2024-02-05 20:24:50,L,elephant,1
oven9-car2,2024-02-05 20:24:51,O,oven,1
keyboard6-bear2,2024-02-05 20:24:51,M,keyboard,1
airplane7-truck1,2024-02-05 20:24:51,G,car,1
clock7-boat3,2024-02-05 20:24:52,J,clock,1
cat7-bottle1,2024-02-05 20:24:52,F,bottle,1
bear3-bird3,2024-02-05 20:24:53,H,cat,1
cat9-dog2,2024-02-05 20:24:53,H,cat,1
oven9-bird3,2024-02-05 20:24:53,O,oven,1
bird7-cat3,2024-02-05 20:24:54,D,bird,1
airplane2-cat1,2024-02-05 20:24:54,B,bear,1
car1-dog2,2024-02-05 20:24:55,C,bicycle,1
chair8-boat1,2024-02-05 20:24:55,I,chair,1
clock8-cat1,2024-02-05 20:24:55,J,clock,1
bird9-bottle3,2024-02-05 20:24:56,D,bird,1
dog1-bird1,2024-02-05 20:24:56,K,dog,1
oven1-dog3,2024-02-05 20:24:57,K,dog,1
boat8-truck2,2024-02-05 20:24:57,G,car,1
dog1-dog2,2024-02-05 20:24:57,K,dog,1
bottle5-knife1,2024-02-05 20:24:58,F,bottle,1
truck1-bear1,2024-02-05 20:24:58,P,truck,1
car3-boat1,2024-02-05 20:24:59,G,car,1
bicycle9-bird3,2024-02-05 20:24:59,C,bicycle,1
chair1-elephant1,2024-02-05 20:24:59,L,elephant,1
car10-dog1,2024-02-05 20:25:00,G,car,1
bear10-truck1,2024-02-05 20:25:00,G,car,1
dog2-cat1,2024-02-05 20:25:01,K,dog,1
bicycle8-bear2,2024-02-05 20:25:01,C,bicycle,1
bird4-dog3,2024-02-05 20:25:02,K,dog,1
keyboard4-bird1,2024-02-05 20:25:02,M,keyboard,1
truck5-airplane2,2024-02-05 20:25:02,P,truck,1
bird8-chair1,2024-02-05 20:25:03,I,chair,1
chair3-knife1,2024-02-05 20:25:03,I,chair,1
car7-boat3,2024-02-05 20:25:04,G,car,1
truck10-elephant3,2024-02-05 20:25:04,P,truck,1
knife9-bottle2,2024-02-05 20:25:04,F,bottle,1
elephant7-car3,2024-02-05 20:25:05,G,car,1
oven9-knife3,2024-02-05 20:25:05,N,knife,1
oven8-knife2,2024-02-05 20:25:06,N,knife,1
oven4-knife2,2024-02-05 20:25:06,O,oven,1
clock7-bear2,2024-02-05 20:25:06,J,clock,1
chair2-knife1,2024-02-05 20:25:07,I,chair,1
airplane2-bear1,2024-02-05 20:25:07,B,bear,1
bear2-bird3,2024-02-05 20:25:08,B,bear,1
oven2-truck3,2024-02-05 20:25:08,O,oven,1
boat3-chair3,2024-02-05 20:25:08,I,chair,1
oven1-cat1,2024-02-05 20:25:09,B,bear,1
cat10-bear1,2024-02-05 20:25:09,B,bear,1
bird1-truck1,2024-02-05 20:25:10,G,car,1
bird1-airplane2,2024-02-05 20:25:10,D,bird,1
truck8-keyboard2,2024-02-05 20:25:10,M,keyboard,1
dog10-oven2,2024-02-05 20:25:11,K,dog,1
oven3-boat3,2024-02-05 20:25:11,O,oven,1
cat10-bird2,2024-02-05 20:25:12,H,cat,1
cat1-car2,2024-02-05 20:25:12,G,car,1
airplane10-car3,2024-02-05 20:25:12,G,car,1
bear4-elephant2,2024-02-05 20:25:13,B,bear,1
airplane9-car2,2024-02-05 20:25:13,G,car,1
cat2-bottle3,2024-02-05 20:25:14,H,cat,1
truck6-oven3,2024-02-05 20:25:14,O,oven,1
cat1-boat1,2024-02-05 20:25:14,H,cat,1
car1-airplane1,2024-02-05 20:25:15,G,car,1
keyboard6-elephant1,2024-02-05 20:25:15,M,keyboard,1
car8-boat3,2024-02-05 20:25:16,G,car,1
cat1-dog1,2024-02-05 20:25:16,H,cat,1
bird3-bottle2,2024-02-05 20:25:16,F,bottle,1
elephant10-elephant1,2024-02-05 20:25:17,L,elephant,1
bear10-cat2,2024-02-05 20:25:17,B,bear,1
bear3-dog3,2024-02-05 20:25:18,K,dog,1
bear4-car3,2024-02-05 20:25:18,G,car,1
cat4-dog3,2024-02-05 20:25:19,K,dog,1
keyboard2-clock1,2024-02-05 20:25:19,J,clock,1
bottle10-dog1,2024-02-05 20:25:19,F,bottle,1
bear1-airplane3,2024-02-05 20:25:20,B,bear,1
elephant6-oven1,2024-02-05 20:25:20,L,elephant,1
clock1-truck3,2024-02-05 20:25:21,E,boat,1
keyboard5-bear3,2024-02-05 20:25:21,K,dog,1
car4-oven2,2024-02-05 20:25:21,M,keyboard,1
airplane9-oven2,2024-02-05 20:25:22,A,airplane,1
dog9-bicycle3,2024-02-05 20:25:22,K,dog,1
knife2-truck2,2024-02-05 20:25:23,G,car,1
dog4-airplane3,2024-02-05 20:25:23,G,car,1
bottle1-bear1,2024-02-05 20:25:23,B,bear,1
chair5-cat3,2024-02-05 20:25:24,I,chair,1
truck1-car3,2024-02-05 20:25:24,P,truck,1
knife1-car3,2024-02-05 20:25:25,G,car,1
truck5-car1,2024-02-05 20:25:25,P,truck,1
oven7-dog2,2024-02-05 20:25:25,I,chair,1
clock2-bear2,2024-02-05 20:25:26,J,clock,1
airplane6-chair3,2024-02-05 20:25:26,I,chair,1
dog3-boat1,2024-02-05 20:25:27,E,boat,1
keyboard4-clock2,2024-02-05 20:25:27,J,clock,1
cat2-truck3,2024-02-05 20:25:27,H,cat,1
car8-knife2,2024-02-05 20:25:28,M,keyboard,1
knife8-truck3,2024-02-05 20:25:28,P,truck,1
oven5-keyboard2,2024-02-05 20:25:29,M,keyboard,1
car7-bird3,2024-02-05 20:25:29,G,car,1
clock10-cat1,2024-02-05 20:25:29,J,clock,1
cat7-dog3,2024-02-05 20:25:30,H,cat,1
oven2-oven3,2024-02-05 20:25:30,O,oven,1
dog7-bird3,2024-02-05 20:25:31,K,dog,1
airplane10-truck1,2024-02-05 20:25:31,G,car,1
clock6-clock2,2024-02-05 20:25:32,J,clock,1
oven2-chair1,2024-02-05 20:25:32,I,chair,1
keyboard4-bottle2,2024-02-05 20:25:32,F,bottle,1
truck1-chair2,2024-02-05 20:25:33,I,chair,1
bicycle2-bird3,2024-02-05 20:25:33,C,bicycle,1
bird7-truck2,2024-02-05 20:25:34,G,car,1
elephant2-bird1,2024-02-05 20:25:34,L,elephant,1
bottle3-cat3,2024-02-05 20:25:35,F,bottle,1
airplane1-chair2,2024-02-05 20:25:35,I,chair,1
boat8-elephant1,2024-02-05 20:25:35,L,elephant,1
car9-truck3,2024-02-05 20:25:36,G,car,1
clock10-clock3,2024-02-05 20:25:36,J,clock,1
truck4-boat3,2024-02-05 20:25:37,P,truck,1
chair10-bottle3,2024-02-05 20:25:37,I,chair,1
knife7-airplane3,2024-02-05 20:25:37,M,keyboard,1
truck10-bicycle1,2024-02-05 20:25:38,G,car,1
chair8-clock3,2024-02-05 20:25:38,J,clock,1
cat3-bear2,2024-02-05 20:25:39,H,cat,1
bottle5-chair1,2024-02-05 20:25:39,I,chair,1
bottle8-elephant3,2024-02-05 20:25:39,F,bottle,1
oven7-car3,2024-02-05 20:25:40,G,car,1
bear10-elephant1,2024-02-05 20:25:40,L,elephant,1
airplane8-bird1,2024-02-05 20:25:41,A,airplane,1
bottle4-airplane1,2024-02-05 20:25:41,A,airplane,1
airplane9-knife3,2024-02-05 20:25:41,N,knife,1
airplane4-bicycle2,2024-02-05 20:25:42,G,car,1
keyboard9-truck3,2024-02-05 20:25:42,M,keyboard,1
bear4-clock3,2024-02-05 20:25:43,J,clock,1
keyboard6-knife2,2024-02-05 20:25:43,N,knife,1
cat10-keyboard1,2024-02-05 20:25:44,N,knife,1
airplane9-boat1,2024-02-05 20:25:44,E,boat,1
chair4-oven2,2024-02-05 20:25:44,I,chair,1
dog3-dog1,2024-02-05 20:25:45,K,dog,1
bicycle2-bottle1,2024-02-05 20:25:45,F,bottle,1
airplane8-truck3,2024-02-05 20:25:46,I,chair,1
bird3-dog1,2024-02-05 20:25:46,D,bird,1
chair3-bottle3,2024-02-05 20:25:46,I,chair,1
airplane7-car1,2024-02-05 20:25:47,G,car,1
cat5-dog3,2024-02-05 20:25:47,H,cat,1
dog4-clock1,2024-02-05 20:25:48,J,clock,1
elephant5-bicycle3,2024-02-05 20:25:48,L,elephant,1
chair7-knife2,2024-02-05 20:25:49,M,keyboard,1
cat2-boat2,2024-02-05 20:25:49,H,cat,1
bottle3-boat3,2024-02-05 20:25:49,F,bottle,1
knife8-cat2,2024-02-05 20:25:50,B,bear,1
elephant1-keyboard3,2024-02-05 20:25:50,M,keyboard,1
bottle1-car1,2024-02-05 20:25:51,F,bottle,1
chair7-clock3,2024-02-05 20:25:51,J,clock,1
oven4-elephant3,2024-02-05 20:25:51,O,oven,1
bicycle1-bear1,2024-02-05 20:25:52,C,bicycle,1
bottle6-bird1,2024-02-05 20:25:52,F,bottle,1
car8-chair1,2024-02-05 20:25:53,I,chair,1
bear1-elephant1,2024-02-05 20:25:53,B,bear,1
dog4-chair1,2024-02-05 20:25:54,I,chair,1
bottle3-knife3,2024-02-05 20:25:54,F,bottle,1
clock6-bicycle1,2024-02-05 20:25:54,J,clock,1
car4-car2,2024-02-05 20:25:55,G,car,1
truck3-keyboard3,2024-02-05 20:25:55,M,keyboard,1
airplane5-bear2,2024-02-05 20:25:56,B,bear,1
bird10-bear2,2024-02-05 20:25:56,D,bird,1
bicycle4-bottle1,2024-02-05 20:25:56,C,bicycle,1
bird6-oven1,2024-02-05 20:25:57,D,bird,1
clock6-chair3,2024-02-05 20:25:57,I,chair,1
oven6-truck1,2024-02-05 20:25:58,O,oven,1
bird6-car3,2024-02-05 20:25:58,G,car,1
bottle3-bird1,2024-02-05 20:25:59,F,bottle,1
boat2-airplane1,2024-02-05 20:25:59,E,boat,1
chair7-car2,2024-02-05 20:25:59,G,car,1
boat8-oven1,2024-02-05 20:26:00,M,keyboard,1
truck6-bicycle1,2024-02-05 20:26:00,P,truck,1
dog9-car1,2024-02-05 20:26:01,G,car,1
dog9-airplane3,2024-02-05 20:26:01,K,dog,1
truck7-elephant2,2024-02-05 20:26:01,P,truck,1
bottle6-dog3,2024-02-05 20:26:02,K,dog,1
car4-bird1,2024-02-05 20:26:02,G,car,1
bear3-truck3,2024-02-05 20:26:03,G,car,1
chair9-bird3,2024-02-05 20:26:03,I,chair,1
boat6-clock2,2024-02-05 20:26:03,D,bird,1
truck5-knife3,2024-02-05 20:26:04,N,knife,1
bicycle6-airplane2,2024-02-05 20:26:04,C,bicycle,1
bear7-dog3,2024-02-05 20:26:05,B,bear,1
knife8-boat1,2024-02-05 20:26:05,A,airplane,1
knife9-bicycle1,2024-02-05 20:26:05,G,car,1
boat1-bicycle2,2024-02-05 20:26:06,C,bicycle,1
car10-chair1,2024-02-05 20:26:06,G,car,1
clock6-oven1,2024-02-05 20:26:07,M,keyboard,1
car5-truck3,2024-02-05 20:26:07,P,truck,1
oven5-airplane1,2024-02-05 20:26:07,O,oven,1
truck2-chair1,2024-02-05 20:26:08,I,chair,1
clock2-bicycle1,2024-02-05 20:26:08,J,clock,1
dog3-truck2,2024-02-05 20:26:09,G,car,1
dog7-knife3,2024-02-05 20:26:09,K,dog,1
elephant1-car3,2024-02-05 20:26:10,P,truck,1
keyboard1-bird2,2024-02-05 20:26:10,M,keyboard,1
airplane10-elephant1,2024-02-05 20:26:10,A,airplane,1
cat8-car2,2024-02-05 20:26:11,G,car,1
elephant1-bottle1,2024-02-05 20:26:11,L,elephant,1
knife6-truck1,2024-02-05 20:26:12,G,car,1
car4-clock1,2024-02-05 20:26:12,J,clock,1
clock4-chair1,2024-02-05 20:26:12,J,clock,1
chair8-car1,2024-02-05 20:26:13,G,car,1
boat5-boat3,2024-02-05 20:26:13,E,boat,1
truck1-bird1,2024-02-05 20:26:14,P,truck,1
elephant1-dog2,2024-02-05 20:26:14,L,elephant,1
bicycle6-boat2,2024-02-05 20:26:14,C,bicycle,1
bottle4-car3,2024-02-05 20:26:15,F,bottle,1
dog7-keyboard3,2024-02-05 20:26:15,M,keyboard,1
keyboard7-dog1,2024-02-05 20:26:16,H,cat,1
cat1-airplane1,2024-02-05 20:26:16,H,cat,1
clock10-dog3,2024-02-05 20:26:16,J,clock,1
oven2-boat3,2024-02-05 20:26:17,O,oven,1
keyboard1-elephant3,2024-02-05 20:26:17,L,elephant,1
elephant4-bicycle2,2024-02-05 20:26:18,G,car,1
airplane4-car1,2024-02-05 20:26:18,G,car,1
boat7-bottle1,2024-02-05 20:26:18,F,bottle,1
car5-bear3,2024-02-05 20:26:19,K,dog,1
boat1-bird3,2024-02-05 20:26:19,D,bird,1
airplane10-bear3,2024-02-05 20:26:20,B,bear,1
truck4-bottle2,2024-02-05 20:26:20,F,bottle,1
chair7-bottle1,2024-02-05 20:26:20,F,bottle,1
bear8-dog1,2024-02-05 20:26:21,B,bear,1
keyboard5-bicycle1,2024-02-05 20:26:21,C,bicycle,1
truck8-dog3,2024-02-05 20:26:22,P,truck,1
clock2-knife1,2024-02-05 20:26:22,J,clock,1
boat4-boat3,2024-02-05 20:26:22,E,boat,1
chair7-cat1,2024-02-05 20:26:23,I,chair,1
boat3-car3,2024-02-05 20:26:23,E,boat,1
bird1-knife3,2024-02-05 20:26:24,K,dog,1
keyboard7-bear2,2024-02-05 20:26:24,B,bear,1
chair3-car3,2024-02-05 20:26:24,G,car,1
chair6-elephant2,2024-02-05 20:26:25,I,chair,1
knife5-knife3,2024-02-05 20:26:25,N,knife,1
oven2-dog3,2024-02-05 20:26:26,B,bear,1
oven2-bear3,2024-02-05 20:26:26,K,dog,1
chair10-airplane2,2024-02-05 20:26:27,I,chair,1
knife1-bird2,2024-02-05 20:26:27,N,knife,1
truck5-truck1,2024-02-05 20:26:27,P,truck,1
bird2-clock3,2024-02-05 20:26:28,J,clock,1
bicycle3-oven3,2024-02-05 20:26:28,M,keyboard,1
clock8-oven3,2024-02-05 20:26:29,J,clock,1
car5-airplane3,2024-02-05 20:26:29,G,car,1
dog4-keyboard2,2024-02-05 20:26:29,M,keyboard,1
elephant9-bicycle2,2024-02-05 20:26:30,C,bicycle,1
car5-keyboard3,2024-02-05 20:26:30,G,car,1
bird10-elephant2,2024-02-05 20:26:31,L,elephant,1
bird7-bird2,2024-02-05 20:26:31,D,bird,1
keyboard1-bear2,2024-02-05 20:26:31,M,keyboard,1
bottle2-chair3,2024-02-05 20:26:32,I,chair,1
elephant3-keyboard2,2024-02-05 20:26:32,M,keyboard,1
boat6-bicycle2,2024-02-05 20:26:33,C,bicycle,1
knife9-bear3,2024-02-05 20:26:33,K,dog,1
cat5-knife2,2024-02-05 20:26:33,H,cat,1
oven3-elephant3,2024-02-05 20:26:34,L,elephant,1
cat5-bottle1,2024-02-05 20:26:34,F,bottle,1
chair5-keyboard2,2024-02-05 20:26:35,M,keyboard,1
bottle5-oven2,2024-02-05 20:26:35,F,bottle,1
clock8-bear2,2024-02-05 20:26:35,J,clock,1
bicycle2-keyboard2,2024-02-05 20:26:36,M,keyboard,1
oven9-bear2,2024-02-05 20:26:36,O,oven,1
elephant7-keyboard3,2024-02-05 20:26:37,M,keyboard,1
chair7-boat3,2024-02-05 20:26:37,I,chair,1
cat2-car3,2024-02-05 20:26:37,G,car,1
boat3-cat3,2024-02-05 20:26:38,E,boat,1
oven2-car1,2024-02-05 20:26:38,G,car,1
airplane3-chair3,2024-02-05 20:26:39,I,chair,1
dog6-cat1,2024-02-05 20:26:39,K,dog,1
keyboard10-car1,2024-02-05 20:26:40,G,car,1
airplane8-clock2,2024-02-05 20:26:40,J,clock,1
airplane3-keyboard2,2024-02-05 20:26:40,M,keyboard,1
airplane3-clock1,2024-02-05 20:26:41,J,clock,1
chair10-oven1,2024-02-05 20:26:41,O,oven,1
truck3-chair2,2024-02-05 20:26:42,I,chair,1
bicycle7-oven1,2024-02-05 20:26:42,C,bicycle,1
clock10-airplane1,2024-02-05 20:26:42,J,clock,1
car3-dog2,2024-02-05 20:26:43,G,car,1
bicycle5-elephant1,2024-02-05 20:26:43,C,bicycle,1
dog8-chair3,2024-02-05 20:26:44,L,elephant,1
keyboard8-airplane2,2024-02-05 20:26:44,E,boat,1
bicycle7-bicycle2,2024-02-05 20:26:44,C,bicycle,1
bottle5-keyboard2,2024-02-05 20:26:45,M,keyboard,1
oven10-boat2,2024-02-05 20:26:45,O,oven,1
car8-airplane3,2024-02-05 20:26:46,G,car,1
keyboard4-knife2,2024-02-05 20:26:46,F,bottle,1
bottle8-keyboard3,2024-02-05 20:26:46,M,keyboard,1
dog3-bear3,2024-02-05 20:26:47,K,dog,1
elephant8-bird2,2024-02-05 20:26:47,L,elephant,1
bottle5-bird3,2024-02-05 20:26:48,F,bottle,1
airplane1-elephant1,2024-02-05 20:26:48,A,airplane,1
airplane5-knife1,2024-02-05 20:26:48,N,knife,1
clock8-truck2,2024-02-05 20:26:49,J,clock,1
truck6-knife2,2024-02-05 20:26:49,P,truck,1
keyboard7-clock3,2024-02-05 20:26:50,J,clock,1
elephant7-bottle3,2024-02-05 20:26:50,L,elephant,1
clock1-dog2,2024-02-05 20:26:50,B,bear,1
clock8-chair2,2024-02-05 20:26:51,J,clock,1
cat2-elephant1,2024-02-05 20:26:51,H,cat,1
elephant10-bear1,2024-02-05 20:26:52,B,bear,1
knife9-bird1,2024-02-05 20:26:52,A,airplane,1
truck6-boat2,2024-02-05 20:26:53,P,truck,1
boat6-elephant2,2024-02-05 20:26:53,D,bird,1
airplane5-bicycle1,2024-02-05 20:26:53,A,airplane,1
truck4-airplane3,2024-02-05 20:26:54,P,truck,1
knife2-dog1,2024-02-05 20:26:54,K,dog,1
bear2-keyboard2,2024-02-05 20:26:55,M,keyboard,1
keyboard8-cat3,2024-02-05 20:26:55,M,keyboard,1
bottle1-chair2,2024-02-05 20:26:55,I,chair,1
oven7-keyboard1,2024-02-05 20:26:56,M,keyboard,1
dog1-chair1,2024-02-05 20:26:56,I,chair,1
bear3-chair2,2024-02-05 20:26:57,I,chair,1
elephant10-knife3,2024-02-05 20:26:57,N,knife,1
bear10-car2,2024-02-05 20:26:58,G,car,1
keyboard7-chair3,2024-02-05 20:26:58,I,chair,1
knife2-bird1,2024-02-05 20:26:58,N,knife,1
airplane3-airplane2,2024-02-05 20:26:59,A,airplane,1
bicycle9-bear1,2024-02-05 20:26:59,B,bear,1
elephant8-elephant1,2024-02-05 20:27:00,L,elephant,1
truck2-bird2,2024-02-05 20:27:00,P,truck,1
oven9-oven1,2024-02-05 20:27:00,O,oven,1
clock3-cat1,2024-02-05 20:27:01,J,clock,1
truck2-bicycle2,2024-02-05 20:27:01,P,truck,1
elephant9-chair2,2024-02-05 20:27:02,I,chair,1
bicycle1-bottle3,2024-02-05 20:27:02,C,bicycle,1
elephant6-bottle2,2024-02-05 20:27:02,F,bottle,1
clock2-clock3,2024-02-05 20:27:03,J,clock,1
bear7-oven3,2024-02-05 20:27:03,M,keyboard,1
cat4-cat3,2024-02-05 20:27:04,H,cat,1
elephant9-dog3,2024-02-05 20:27:04,K,dog,1
boat1-bear1,2024-02-05 20:27:05,B,bear,1
chair9-dog2,2024-02-05 20:27:05,I,chair,1
bottle5-cat1,2024-02-05 20:27:05,F,bottle,1
bear6-boat3,2024-02-05 20:27:06,G,car,1
bicycle9-bottle1,2024-02-05 20:27:06,F,bottle,1
car7-airplane2,2024-02-05 20:27:07,G,car,1
car5-bottle1,2024-02-05 20:27:07,G,car,1
keyboard6-bicycle1,2024-02-05 20:27:07,M,keyboard,1
boat3-clock3,2024-02-05 20:27:08,J,clock,1
clock3-keyboard3,2024-02-05 20:27:08,J,clock,1
bottle8-knife1,2024-02-05 20:27:09,F,bottle,1
bird7-keyboard3,2024-02-05 20:27:09,M,keyboard,1
airplane4-cat3,2024-02-05 20:27:10,H,cat,1
cat1-keyboard3,2024-02-05 20:27:10,M,keyboard,1
truck7-keyboard3,2024-02-05 20:27:10,G,car,1
cat8-bicycle3,2024-02-05 20:27:11,H,cat,1
car9-knife1,2024-02-05 20:27:11,G,car,1
bird5-car2,2024-02-05 20:27:12,G,car,1
bottle9-cat2,2024-02-05 20:27:12,F,bottle,1
clock4-airplane1,2024-02-05 20:27:12,J,clock,1
airplane3-dog1,2024-02-05 20:27:13,B,bear,1
knife10-knife1,2024-02-05 20:27:13,N,knife,1
chair4-chair3,2024-02-05 20:27:14,I,chair,1
bear5-bicycle3,2024-02-05 20:27:14,B,bear,1
dog5-knife2,2024-02-05 20:27:14,M,keyboard,1
bear5-bird1,2024-02-05 20:27:15,B,bear,1
dog4-bird1,2024-02-05 20:27:15,K,dog,1
bear2-dog1,2024-02-05 20:27:16,B,bear,1
boat10-truck1,2024-02-05 20:27:16,E,boat,1
airplane8-chair1,2024-02-05 20:27:17,I,chair,1
dog10-clock1,2024-02-05 20:27:17,K,dog,1
boat1-chair3,2024-02-05 20:27:17,I,chair,1
bird3-truck3,2024-02-05 20:27:18,D,bird,1
chair10-bird3,2024-02-05 20:27:18,I,chair,1
oven3-knife1,2024-02-05 20:27:19,G,car,1
bicycle1-elephant2,2024-02-05 20:27:19,C,bicycle,1
bird4-bicycle2,2024-02-05 20:27:19,C,bicycle,1
dog8-bear3,2024-02-05 20:27:20,K,dog,1
car10-keyboard2,2024-02-05 20:27:20,M,keyboard,1
truck3-bird2,2024-02-05 20:27:21,P,truck,1
oven4-bottle2,2024-02-05 20:27:21,F,bottle,1
bear6-cat3,2024-02-05 20:27:21,B,bear,1
dog2-bicycle2,2024-02-05 20:27:22,C,bicycle,1
cat10-bottle1,2024-02-05 20:27:22,F,bottle,1
bottle5-clock3,2024-02-05 20:27:23,J,clock,1
dog10-truck2,2024-02-05 20:27:23,G,car,1
knife4-clock3,2024-02-05 20:27:23,J,clock,1
knife4-knife2,2024-02-05 20:27:24,C,bicycle,1
knife9-airplane2,2024-02-05 20:27:24,E,boat,1
airplane3-oven1,2024-02-05 20:27:25,A,airplane,1
knife1-chair1,2024-02-05 20:27:25,I,chair,1
knife9-elephant2,2024-02-05 20:27:25,L,elephant,1
keyboard2-bottle1,2024-02-05 20:27:26,F,bottle,1
airplane5-chair3,2024-02-05 20:27:26,I,chair,1
bicycle4-clock3,2024-02-05 20:27:27,J,clock,1
car9-clock2,2024-02-05 20:27:27,G,car,1
bottle6-bear2,2024-02-05 20:27:27,F,bottle,1
car5-oven2,2024-02-05 20:27:28,P,truck,1
bear1-bird2,2024-02-05 20:27:28,B,bear,1
truck10-clock1,2024-02-05 20:27:29,P,truck,1
oven6-chair3,2024-02-05 20:27:29,I,chair,1
chair8-elephant1,2024-02-05 20:27:30,I,chair,1
car4-bear3,2024-02-05 20:27:30,B,bear,1
dog10-car3,2024-02-05 20:27:30,K,dog,1
airplane2-bicycle1,2024-02-05 20:27:31,C,bicycle,1
elephant2-bottle3,2024-02-05 20:27:31,L,elephant,1
boat4-bird1,2024-02-05 20:27:32,D,bird,1
truck6-clock2,2024-02-05 20:27:32,P,truck,1
bear8-bicycle3,2024-02-05 20:27:32,B,bear,1
boat8-bottle1,2024-02-05 20:27:33,F,bottle,1
bear4-knife1,2024-02-05 20:27:33,C,bicycle,1
keyboard3-bird3,2024-02-05 20:27:34,M,keyboard,1
bicycle5-car3,2024-02-05 20:27:34,C,bicycle,1
bicycle5-bear1,2024-02-05 20:27:34,C,bicycle,1
bicycle8-truck1,2024-02-05 20:27:35,C,bicycle,1
car9-bird1,2024-02-05 20:27:35,G,car,1
dog1-bear1,2024-02-05 20:27:36,K,dog,1
keyboard1-airplane2,2024-02-05 20:27:36,A,airplane,1
truck1-bicycle3,2024-02-05 20:27:37,P,truck,1
elephant5-car1,2024-02-05 20:27:37,G,car,1
knife7-bird3,2024-02-05 20:27:37,H,cat,1
clock10-oven2,2024-02-05 20:27:38,O,oven,1
boat8-bird2,2024-02-05 20:27:38,E,boat,1
bottle5-elephant1,2024-02-05 20:27:39,F,bottle,1
elephant6-car3,2024-02-05 20:27:39,G,car,1
dog6-truck2,2024-02-05 20:27:39,G,car,1
chair5-bird1,2024-02-05 20:27:40,I,chair,1
bicycle9-keyboard3,2024-02-05 20:27:40,M,keyboard,1
bicycle7-bear2,2024-02-05 20:27:41,C,bicycle,1
bicycle2-bicycle1,2024-02-05 20:27:41,C,bicycle,1
bear6-clock1,2024-02-05 20:27:41,J,clock,1
elephant8-truck3,2024-02-05 20:27:42,F,bottle,1
knife7-car2,2024-02-05 20:27:42,G,car,1
knife9-boat1,2024-02-05 20:27:43,E,boat,1
car6-boat1,2024-02-05 20:27:43,G,car,1
airplane5-oven3,2024-02-05 20:27:43,M,keyboard,1
bottle3-airplane2,2024-02-05 20:27:44,F,bottle,1
bird1-oven1,2024-02-05 20:27:44,D,bird,1
oven3-airplane1,2024-02-05 20:27:45,M,keyboard,1
knife4-bear1,2024-02-05 20:27:45,B,bear,1
chair8-oven1,2024-02-05 20:27:46,I,chair,1
bicycle4-boat1,2024-02-05 20:27:46,C,bicycle,1
keyboard2-bicycle3,2024-02-05 20:27:46,C,bicycle,1
boat4-dog2,2024-02-05 20:27:47,B,bear,1
oven4-keyboard3,2024-02-05 20:27:47,M,keyboard,1
bear7-truck1,2024-02-05 20:27:48,B,bear,1
clock2-dog1,2024-02-05 20:27:48,J,clock,1
airplane4-elephant1,2024-02-05 20:27:48,A,airplane,1
truck10-airplane1,2024-02-05 20:27:49,P,truck,1
car2-knife3,2024-02-05 20:27:49,N,knife,1
oven5-dog3,2024-02-05 20:27:50,O,oven,1
bottle10-boat3,2024-02-05 20:27:50,F,bottle,1
knife1-truck2,2024-02-05 20:27:50,G,car,1
elephant10-keyboard1,2024-02-05 20:27:51,M,keyboard,1
chair10-cat1,2024-02-05 20:27:51,I,chair,1
oven4-truck3,2024-02-05 20:27:52,G,car,1
bear5-bottle1,2024-02-05 20:27:52,F,bottle,1
bottle2-bottle3,2024-02-05 20:27:52,F,bottle,1
elephant2-clock1,2024-02-05 20:27:53,J,clock,1
clock6-bottle1,2024-02-05 20:27:53,J,clock,1
bird10-clock1,2024-02-05 20:27:54,J,clock,1
clock4-elephant2,2024-02-05 20:27:54,J,clock,1
bicycle4-knife3,2024-02-05 20:27:54,C,bicycle,1
keyboard5-cat1,2024-02-05 20:27:55,M,keyboard,1
keyboard7-car3,2024-02-05 20:27:55,G,car,1
chair9-boat2,2024-02-05 20:27:56,I,chair,1
elephant8-oven3,2024-02-05 20:27:56,M,keyboard,1
car8-clock2,2024-02-05 20:27:57,G,car,1
cat9-boat2,2024-02-05 20:27:57,E,boat,1
airplane1-bicycle2,2024-02-05 20:27:57,A,airplane,1
elephant5-bear2,2024-02-05 20:27:58,L,elephant,1
bicycle8-boat1,2024-02-05 20:27:58,C,bicycle,1
knife3-clock2,2024-02-05 20:27:59,J,clock,1
bicycle5-keyboard3,2024-02-05 20:27:59,G,car,1
truck7-truck2,2024-02-05 20:27:59,P,truck,1
knife8-car2,2024-02-05 20:28:00,G,car,1
keyboard4-cat2,2024-02-05 20:28:00,B,bear,1
boat6-dog1,2024-02-05 20:28:01,B,bear,1
cat7-clock3,2024-02-05 20:28:01,J,clock,1
boat10-oven1,2024-02-05 20:28:02,P,truck,1
elephant6-knife2,2024-02-05 20:28:02,D,bird,1
dog4-oven1,2024-02-05 20:28:02,G,car,1
bear7-clock1,2024-02-05 20:28:03,J,clock,1
chair4-keyboard2,2024-02-05 20:28:03,M,keyboard,1
oven3-bear2,2024-02-05 20:28:04,H,cat,1
cat6-bear1,2024-02-05 20:28:04,H,cat,1
elephant1-chair1,2024-02-05 20:28:04,I,chair,1
bear2-car2,2024-02-05 20:28:05,G,car,1
cat5-elephant2,2024-02-05 20:28:05,H,cat,1
bear9-dog1,2024-02-05 20:28:06,B,bear,1
bicycle8-chair2,2024-02-05 20:28:06,C,bicycle,1
bear3-cat1,2024-02-05 20:28:06,H,cat,1
boat7-keyboard3,2024-02-05 20:28:07,M,keyboard,1
bird3-bear3,2024-02-05 20:28:07,B,bear,1
bottle1-bird3,2024-02-05 20:28:08,F,bottle,1
clock3-elephant3,2024-02-05 20:28:08,J,clock,1
elephant7-knife2,2024-02-05 20:28:08,L,elephant,1
bicycle1-boat3,2024-02-05 20:28:09,C,bicycle,1
bottle1-clock1,2024-02-05 20:28:09,J,clock,1
bird2-airplane3,2024-02-05 20:28:10,A,airplane,1
bottle3-bear2,2024-02-05 20:28:10,F,bottle,1
oven6-bicycle1,2024-02-05 20:28:10,I,chair,1
keyboard10-boat2,2024-02-05 20:28:11,E,boat,1
elephant5-chair3,2024-02-05 20:28:11,I,chair,1
bottle4-truck1,2024-02-05 20:28:12,F,bottle,1
bicycle7-truck3,2024-02-05 20:28:12,C,bicycle,1
keyboard5-knife2,2024-02-05 20:28:12,D,bird,1
chair5-bicycle1,2024-02-05 20:28:13,I,chair,1
clock8-boat1,2024-02-05 20:28:13,J,clock,1
bicycle10-elephant2,2024-02-05 20:28:14,C,bicycle,1
boat9-chair2,2024-02-05 20:28:14,I,chair,1
boat6-bottle2,2024-02-05 20:28:14,F,bottle,1
knife6-bird1,2024-02-05 20:28:15,N,knife,1
oven4-chair1,2024-02-05 20:28:15,I,chair,1
truck2-oven3,2024-02-05 20:28:16,O,oven,1
boat1-truck3,2024-02-05 20:28:16,I,chair,1
cat4-knife1,2024-02-05 20:28:17,M,keyboard,1
bicycle4-oven3,2024-02-05 20:28:17,C,bicycle,1
knife4-keyboard1,2024-02-05 20:28:17,M,keyboard,1
knife5-dog1,2024-02-05 20:28:18,B,bear,1
keyboard9-bicycle2,2024-02-05 20:28:18,C,bicycle,1
keyboard9-airplane3,2024-02-05 20:28:19,M,keyboard,1
bear6-chair1,2024-02-05 20:28:19,I,chair,1
cat3-cat1,2024-02-05 20:28:19,H,cat,1
elephant9-airplane2,2024-02-05 20:28:20,L,elephant,1
elephant2-bear3,2024-02-05 20:28:20,B,bear,1
chair10-clock1,2024-02-05 20:28:21,J,clock,1
cat9-cat3,2024-02-05 20:28:21,H,cat,1
dog1-boat3,2024-02-05 20:28:21,G,car,1
airplane10-airplane1,2024-02-05 20:28:22,A,airplane,1
bottle7-keyboard2,2024-02-05 20:28:22,M,keyboard,1
elephant7-bear3,2024-02-05 20:28:23,B,bear,1
airplane7-airplane3,2024-02-05 20:28:23,A,airplane,1
bird1-bear1,2024-02-05 20:28:23,D,bird,1
truck6-bear2,2024-02-05 20:28:24,P,truck,1
keyboard3-boat1,2024-02-05 20:28:24,E,boat,1
boat7-cat3,2024-02-05 20:28:25,O,oven,1
bottle7-oven2,2024-02-05 20:28:25,M,keyboard,1
cat5-chair3,2024-02-05 20:28:26,I,chair,1
cat10-clock1,2024-02-05 20:28:26,J,clock,1
airplane7-bottle3,2024-02-05 20:28:26,F,bottle,1
clock4-oven1,2024-02-05 20:28:27,J,clock,1
chair7-chair1,2024-02-05 20:28:27,I,chair,1
boat6-car1,2024-02-05 20:28:28,D,bird,1
dog2-bottle2,2024-02-05 20:28:28,F,bottle,1
truck4-knife1,2024-02-05 20:28:28,N,knife,1
elephant4-clock3,2024-02-05 20:28:29,J,clock,1
oven2-bottle1,2024-02-05 20:28:29,F,bottle,1
keyboard7-boat2,2024-02-05 20:28:30,E,boat,1
bear4-boat2,2024-02-05 20:28:30,G,car,1
elephant1-airplane2,2024-02-05 20:28:31,L,elephant,1
bird6-truck2,2024-02-05 20:28:31,G,car,1
clock10-boat2,2024-02-05 20:28:31,G,car,1
knife8-bottle3,2024-02-05 20:28:32,F,bottle,1
airplane9-clock1,2024-02-05 20:28:32,J,clock,1
boat7-chair1,2024-02-05 20:28:33,I,chair,1
chair5-bottle3,2024-02-05 20:28:33,F,bottle,1
airplane4-truck2,2024-02-05 20:28:33,P,truck,1
keyboard4-oven2,2024-02-05 20:28:34,M,keyboard,1
bottle9-bicycle1,2024-02-05 20:28:34,F,bottle,1
oven7-cat1,2024-02-05 20:28:35,I,chair,1
bottle4-bicycle1,2024-02-05 20:28:35,F,bottle,1
car1-car2,2024-02-05 20:28:36,G,car,1
cat2-cat1,2024-02-05 20:28:36,H,cat,1
chair10-bicycle1,2024-02-05 20:28:36,I,chair,1
elephant2-keyboard3,2024-02-05 20:28:37,M,keyboard,1
chair7-airplane1,2024-02-05 20:28:37,I,chair,1
clock2-elephant2,2024-02-05 20:28:38,J,clock,1
airplane7-bird3,2024-02-05 20:28:38,D,bird,1
bear3-car2,2024-02-05 20:28:38,G,car,1
bicycle7-knife2,2024-02-05 20:28:39,C,bicycle,1
bird4-airplane1,2024-02-05 20:28:39,A,airplane,1
bottle1-keyboard3,2024-02-05 20:28:40,H,cat,1
bird5-oven3,2024-02-05 20:28:40,M,keyboard,1
clock10-truck2,2024-02-05 20:28:40,G,car,1
bear8-truck3,2024-02-05 20:28:41,L,elephant,1
bear8-bear1,2024-02-05 20:28:41,B,bear,1
chair9-elephant1,2024-02-05 20:28:42,L,elephant,1
bird7-bottle1,2024-02-05 20:28:42,F,bottle,1
cat5-boat1,2024-02-05 20:28:42,E,boat,1
elephant4-oven1,2024-02-05 20:28:43,L,elephant,1
elephant7-bird1,2024-02-05 20:28:43,L,elephant,1
bird8-car2,2024-02-05 20:28:44,G,car,1
cat10-oven2,2024-02-05 20:28:44,G,car,1
bird1-elephant2,2024-02-05 20:28:44,D,bird,1
bear7-bicycle2,2024-02-05 20:28:45,B,bear,1
dog9-bear3,2024-02-05 20:28:45,K,dog,1
chair7-truck3,2024-02-05 20:28:46,I,chair,1
keyboard4-keyboard2,2024-02-05 20:28:46,M,keyboard,1
bottle6-knife3,2024-02-05 20:28:46,F,bottle,1
bicycle8-clock3,2024-02-05 20:28:47,J,clock,1
car1-chair3,2024-02-05 20:28:47,I,chair,1
cat4-chair2,2024-02-05 20:28:48,I,chair,1
bear2-cat2,2024-02-05 20:28:48,B,bear,1
dog5-car3,2024-02-05 20:28:48,G,car,1
bird5-keyboard2,2024-02-05 20:28:49,M,keyboard,1
chair7-elephant1,2024-02-05 20:28:49,I,chair,1
boat9-cat3,2024-02-05 20:28:50,E,boat,1
knife3-keyboard3,2024-02-05 20:28:50,M,keyboard,1
bottle2-clock1,2024-02-05 20:28:51,F,bottle,1
bottle4-dog2,2024-02-05 20:28:51,F,bottle,1
airplane4-dog2,2024-02-05 20:28:51,K,dog,1
bottle3-chair3,2024-02-05 20:28:52,I,chair,1
bicycle7-clock3,2024-02-05 20:28:52,J,clock,1
truck3-bicycle1,2024-02-05 20:28:53,P,truck,1
bird1-boat1,2024-02-05 20:28:53,D,bird,1
truck2-car3,2024-02-05 20:28:53,P,truck,1
truck3-clock3,2024-02-05 20:28:54,J,clock,1
knife7-chair2,2024-02-05 20:28:54,I,chair,1
boat9-keyboard2,2024-02-05 20:28:55,M,keyboard,1
clock10-bottle1,2024-02-05 20:28:55,J,clock,1
oven3-clock3,2024-02-05 20:28:55,J,clock,1
clock6-car2,2024-02-05 20:28:56,J,clock,1
cat9-bicycle1,2024-02-05 20:28:56,G,car,1
boat7-boat2,2024-02-05 20:28:57,E,boat,1
chair2-keyboard2,2024-02-05 20:28:57,M,keyboard,1
car2-cat3,2024-02-05 20:28:57,G,car,1
knife6-knife1,2024-02-05 20:28:58,N,knife,1
car10-bicycle2,2024-02-05 20:28:58,G,car,1
bird4-cat3,2024-02-05 20:28:59,D,bird,1
bird7-car2,2024-02-05 20:28:59,G,car,1
knife1-elephant1,2024-02-05 20:28:59,L,elephant,1
bear2-oven1,2024-02-05 20:29:00,B,bear,1
car3-airplane3,2024-02-05 20:29:00,G,car,1
elephant4-boat3,2024-02-05 20:29:01,L,elephant,1
chair5-clock2,2024-02-05 20:29:01,J,clock,1
boat9-clock1,2024-02-05 20:29:01,E,boat,1
bottle6-bottle3,2024-02-05 20:29:02,F,bottle,1
bottle9-truck1,2024-02-05 20:29:02,F,bottle,1
clock5-keyboard1,2024-02-05 20:29:03,J,clock,1
chair5-truck3,2024-02-05 20:29:03,I,chair,1
bicycle5-bottle3,2024-02-05 20:29:03,F,bottle,1
bear5-chair1,2024-02-05 20:29:04,I,chair,1
oven1-bird3,2024-02-05 20:29:04,D,bird,1
chair8-airplane1,2024-02-05 20:29:05,I,chair,1
bicycle1-truck1,2024-02-05 20:29:05,C,bicycle,1
airplane10-dog3,2024-02-05 20:29:06,B,bear,1
bottle8-bicycle1,2024-02-05 20:29:06,F,bottle,1
car4-bicycle3,2024-02-05 20:29:06,G,car,1
knife2-car3,2024-02-05 20:29:07,G,car,1
bear6-bear1,2024-02-05 20:29:07,B,bear,1
bottle5-airplane1,2024-02-05 20:29:08,F,bottle,1
bottle7-clock1,2024-02-05 20:29:08,J,clock,1
boat5-airplane1,2024-02-05 20:29:08,A,airplane,1
elephant2-truck2,2024-02-05 20:29:09,G,car,1
boat9-bear3,2024-02-05 20:29:09,B,bear,1
keyboard2-knife1,2024-02-05 20:29:10,N,knife,1
dog5-boat3,2024-02-05 20:29:10,G,car,1
elephant5-bottle2,2024-02-05 20:29:10,F,bottle,1
truck5-cat3,2024-02-05 20:29:11,P,truck,1
oven3-car2,2024-02-05 20:29:11,G,car,1
chair1-chair1,2024-02-05 20:29:12,I,chair,1
chair1-bear1,2024-02-05 20:29:12,B,bear,1
oven8-keyboard3,2024-02-05 20:29:12,M,keyboard,1
keyboard3-cat1,2024-02-05 20:29:13,M,keyboard,1
bear10-knife2,2024-02-05 20:29:13,B,bear,1
car8-truck3,2024-02-05 20:29:14,G,car,1
car2-car3,2024-02-05 20:29:14,G,car,1
airplane4-boat3,2024-02-05 20:29:14,A,airplane,1
elephant1-oven2,2024-02-05 20:29:15,L,elephant,1
boat9-knife2,2024-02-05 20:29:15,E,boat,1
bicycle5-chair2,2024-02-05 20:29:16,C,bicycle,1
elephant6-bird1,2024-02-05 20:29:16,L,elephant,1
cat9-bottle2,2024-02-05 20:29:16,F,bottle,1
bicycle2-knife2,2024-02-05 20:29:17,C,bicycle,1
oven5-bicycle1,2024-02-05 20:29:17,G,car,1
bird9-bear3,2024-02-05 20:29:18,D,bird,1
bird5-bear3,2024-02-05 20:29:18,D,bird,1
elephant1-bear2,2024-02-05 20:29:19,L,elephant,1
boat4-bicycle3,2024-02-05 20:29:19,E,boat,1
bottle7-airplane3,2024-02-05 20:29:19,M,keyboard,1
airplane3-elephant1,2024-02-05 20:29:20,A,airplane,1
boat6-bear1,2024-02-05 20:29:20,B,bear,1
bicycle9-knife3,2024-02-05 20:29:21,C,bicycle,1
car6-elephant3,2024-02-05 20:29:21,L,elephant,1
knife2-bicycle3,2024-02-05 20:29:21,D,bird,1
boat9-bird1,2024-02-05 20:29:22,E,boat,1
dog9-bottle1,2024-02-05 20:29:22,K,dog,1
chair5-boat3,2024-02-05 20:29:23,I,chair,1
car7-elephant3,2024-02-05 20:29:23,G,car,1
oven6-bear2,2024-02-05 20:29:24,B,bear,1
bear1-bicycle3,2024-02-05 20:29:24,B,bear,1
car4-bottle1,2024-02-05 20:29:24,F,bottle,1
knife5-cat2,2024-02-05 20:29:25,B,bear,1
clock1-bear1,2024-02-05 20:29:25,B,bear,1
car7-oven2,2024-02-05 20:29:26,G,car,1
cat7-boat3,2024-02-05 20:29:26,K,dog,1
clock8-knife1,2024-02-05 20:29:26,J,clock,1
car1-oven3,2024-02-05 20:29:27,G,car,1
bicycle6-cat1,2024-02-05 20:29:27,B,bear,1
keyboard1-chair2,2024-02-05 20:29:28,M,keyboard,1
bicycle5-dog2,2024-02-05 20:29:28,C,bicycle,1
truck3-cat1,2024-02-05 20:29:29,H,cat,1
truck6-truck2,2024-02-05 20:29:29,G,car,1
knife1-oven1,2024-02-05 20:29:29,M,keyboard,1
chair1-oven3,2024-02-05 20:29:30,M,keyboard,1
chair1-truck3,2024-02-05 20:29:30,G,car,1
chair10-dog1,2024-02-05 20:29:31,I,chair,1
bicycle6-bicycle3,2024-02-05 20:29:31,C,bicycle,1
truck2-keyboard1,2024-02-05 20:29:31,P,truck,1
keyboard10-keyboard1,2024-02-05 20:29:32,M,keyboard,1
boat4-bottle2,2024-02-05 20:29:32,F,bottle,1
clock3-dog2,2024-02-05 20:29:33,J,clock,1
elephant6-truck3,2024-02-05 20:29:33,P,truck,1
elephant8-airplane3,2024-02-05 20:29:33,A,airplane,1
car5-knife2,2024-02-05 20:29:34,P,truck,1
cat3-bicycle1,2024-02-05 20:29:34,H,cat,1
keyboard9-bird1,2024-02-05 20:29:35,M,keyboard,1
chair5-knife3,2024-02-05 20:29:35,N,knife,1
keyboard10-oven3,2024-02-05 20:29:36,M,keyboard,1
oven7-clock2,2024-02-05 20:29:36,J,clock,1
truck1-cat1,2024-02-05 20:29:36,H,cat,1
cat4-bird2,2024-02-05 20:29:37,H,cat,1
knife5-keyboard3,2024-02-05 20:29:37,M,keyboard,1
boat7-oven3,2024-02-05 20:29:38,M,keyboard,1
chair6-dog1,2024-02-05 20:29:38,I,chair,1
clock1-clock2,2024-02-05 20:29:39,J,clock,1
keyboard1-clock1,2024-02-05 20:29:39,J,clock,1
clock8-airplane2,2024-02-05 20:29:39,J,clock,1
dog3-bird2,2024-02-05 20:29:40,K,dog,1
dog10-airplane1,2024-02-05 20:29:40,K,dog,1
dog10-keyboard2,2024-02-05 20:29:41,M,keyboard,1
boat1-oven1,2024-02-05 20:29:41,M,keyboard,1
bear4-keyboard3,2024-02-05 20:29:41,M,keyboard,1
cat6-keyboard3,2024-02-05 20:29:42,H,cat,1
car7-car1,2024-02-05 20:29:42,G,car,1
bear1-chair2,2024-02-05 20:29:43,I,chair,1
bottle9-oven2,2024-02-05 20:29:43,F,bottle,1
cat3-elephant2,2024-02-05 20:29:43,H,cat,1
bottle7-truck2,2024-02-05 20:29:44,G,car,1
oven10-bear1,2024-02-05 20:29:44,H,cat,1
bicycle9-car1,2024-02-05 20:29:45,C,bicycle,1
airplane8-elephant3,2024-02-05 20:29:45,L,elephant,1
bear5-oven3,2024-02-05 20:29:46,M,keyboard,1
airplane4-airplane1,2024-02-05 20:29:46,A,airplane,1
dog3-knife3,2024-02-05 20:29:46,K,dog,1
bicycle3-elephant2,2024-02-05 20:29:47,C,bicycle,1
car1-clock2,2024-02-05 20:29:47,G,car,1
keyboard5-bird3,2024-02-05 20:29:48,M,keyboard,1
car7-dog3,2024-02-05 20:29:48,K,dog,1
bottle5-truck1,2024-02-05 20:29:48,F,bottle,1
boat4-chair2,2024-02-05 20:29:49,I,chair,1
bird2-bird2,2024-02-05 20:29:49,D,bird,1
dog1-cat3,2024-02-05 20:29:50,K,dog,1
car1-keyboard2,2024-02-05 20:29:50,M,keyboard,1
bird3-cat1,2024-02-05 20:29:51,D,bird,1
oven6-bird1,2024-02-05 20:29:51,O,oven,1
boat10-cat1,2024-02-05 20:29:51,H,cat,1
airplane7-boat2,2024-02-05 20:29:52,A,airplane,1
chair7-bird1,2024-02-05 20:29:52,I,chair,1
bicycle1-chair1,2024-02-05 20:29:53,C,bicycle,1
car4-boat1,2024-02-05 20:29:53,G,car,1
chair10-car2,2024-02-05 20:29:53,G,car,1
boat1-keyboard3,2024-02-05 20:29:54,M,keyboard,1
oven9-boat2,2024-02-05 20:29:54,O,oven,1
bottle10-bear2,2024-02-05 20:29:55,F,bottle,1
dog3-keyboard1,2024-02-05 20:29:55,K,dog,1
airplane4-bottle1,2024-02-05 20:29:56,F,bottle,1
cat6-chair3,2024-02-05 20:29:56,I,chair,1
elephant2-boat1,2024-02-05 20:29:56,D,bird,1
car6-knife1,2024-02-05 20:29:57,G,car,1
truck6-bottle3,2024-02-05 20:29:57,F,bottle,1
bird8-keyboard2,2024-02-05 20:29:58,M,keyboard,1
truck7-bird2,2024-02-05 20:29:58,P,truck,1
bird6-airplane2,2024-02-05 20:29:58,D,bird,1
bird5-truck2,2024-02-05 20:29:59,G,car,1
boat5-bicycle3,2024-02-05 20:29:59,C,bicycle,1
dog2-airplane2,2024-02-05 20:30:00,B,bear,1
bird9-keyboard1,2024-02-05 20:30:00,D,bird,1
elephant9-elephant3,2024-02-05 20:30:00,L,elephant,1
car6-truck3,2024-02-05 20:30:01,G,car,1
dog6-clock1,2024-02-05 20:30:01,K,dog,1
boat5-clock3,2024-02-05 20:30:02,J,clock,1
airplane3-car1,2024-02-05 20:30:02,G,car,1
bear3-keyboard2,2024-02-05 20:30:02,M,keyboard,1
bicycle1-knife3,2024-02-05 20:30:03,C,bicycle,1
bicycle4-car2,2024-02-05 20:30:03,C,bicycle,1
truck5-bird2,2024-02-05 20:30:04,P,truck,1
clock5-airplane1,2024-02-05 20:30:04,J,clock,1
truck3-knife2,2024-02-05 20:30:04,P,truck,1
keyboard5-oven2,2024-02-05 20:30:05,I,chair,1
truck10-truck3,2024-02-05 20:30:05,P,truck,1
bear8-bottle1,2024-02-05 20:30:06,F,bottle,1
cat7-airplane2,2024-02-05 20:30:06,H,cat,1
chair5-oven2,2024-02-05 20:30:06,I,chair,1
bird10-cat1,2024-02-05 20:30:07,D,bird,1
bird5-chair1,2024-02-05 20:30:07,I,chair,1
car7-keyboard3,2024-02-05 20:30:08,G,car,1
